id_billing_calc_process,process_date,processed_state,billing_period,billing_year,billing_month,id_billing_calculation,payment_reference,billing_date,billing_start,billing_end,entity_code,person_type,document_type,entity_name,entity_address,entity_district,entity_province,entity_country,billing_currency,billing_gross_amount,billing_tax_amount,billing_net_amount,entity_type,entity_collection,id_holder,id_issuer,id_participant,id_entity_block,ind_invoice_core,ind_web_service,ind_reject_core,id_billing_detail,id_billing_service,service_name,billing_description,service_rate,quantity,gross_amount,tax_percent,tax_amout,net_amount
1117,2020-12-01 00:00:00,DEFINITIVO,MENSUAL,2020,11,459216,,2020-09-30,01-nov-20,30-nov-20,6,JURIDICO,RNC898989367,BANCO POPULAR DOMINICANO C. POR A.,"XXX. XXXX X. XXXXXXX XX. 20 XXXXXXX XXXXXX XXXXX XXXXX XXXXXXX, XXXXXXXX XXXXXXXXXX",DISTRITO NACIONAL,DISTRITO NACIONAL,REPUBLICA DOMINICANA,DOP,104372,0,104372,1,PARTICIPANTES,,,6,,0,0,0,615167,1,CUOTA ANUAL MEMBRESIA,CUOTA ANUAL MEMBRESIA DEL 01/12/2020 AL 30/11/2021,100,1,100,0,0,100
1117,2020-12-01 00:00:00,DEFINITIVO,MENSUAL,2020,11,459216,,2020-09-30,01-nov-20,30-nov-20,6,JURIDICO,RNC898989367,BANCO POPULAR DOMINICANO C. POR A.,"XXX. XXXX X. XXXXXXX XX. 20 XXXXXXX XXXXXX XXXXX XXXXX XXXXXXX, XXXXXXXX XXXXXXXXXX",DISTRITO NACIONAL,DISTRITO NACIONAL,REPUBLICA DOMINICANA,DOP,104372,0,104372,1,PARTICIPANTES,,,6,,0,0,0,615168,2,CUOTA MENSUAL ACCESO AL SISTEMA,CUOTA MENSUAL ACCESO AL SISTEMA DEL 01/11/2020 AL 30/11/2020,100,1,100,0,0,100
1117,2020-12-01 00:00:00,DEFINITIVO,MENSUAL,2020,11,459216,,2020-09-30,01-nov-20,30-nov-20,6,JURIDICO,RNC898989367,BANCO POPULAR DOMINICANO C. POR A.,"XXX. XXXX X. XXXXXXX XX. 20 XXXXXXX XXXXXX XXXXX XXXXX XXXXXXX, XXXXXXXX XXXXXXXXXX",DISTRITO NACIONAL,DISTRITO NACIONAL,REPUBLICA DOMINICANA,DOP,104372,0,104372,1,PARTICIPANTES,,,6,,0,0,0,615169,18,USUARIOS ADICIONALES ACCESO AL SISTEMA,USUARIOS ADICIONALES ACCESO AL SISTEMA DEL 01/11/2020 AL 30/11/2020,100,1,100,0,0,100
1117,2020-12-01 00:00:00,DEFINITIVO,MENSUAL,2020,11,459216,,2020-09-30,01-nov-20,30-nov-20,6,JURIDICO,RNC898989367,BANCO POPULAR DOMINICANO C. POR A.,"XXX. XXXX X. XXXXXXX XX. 20 XXXXXXX XXXXXX XXXXX XXXXX XXXXXXX, XXXXXXXX XXXXXXXXXX",DISTRITO NACIONAL,DISTRITO NACIONAL,REPUBLICA DOMINICANA,DOP,104372,0,104372,1,PARTICIPANTES,,,6,,0,0,0,615170,7,COMISION X CUSTODIA DE VALORES INTERNACIONALES,COMISION X CUSTODIA DE VALORES INTERNACIONALES DEL 01/11/2020 AL 30/11/2020,100,1,100,0,0,100
1117,2020-12-01 00:00:00,DEFINITIVO,MENSUAL,2020,11,459217,,2020-09-30,01-nov-20,30-nov-20,7,JURIDICO,RNC898863207,"BANCO MULTIPLE BHD LEON, S.A.","XX. X. XXXXXXXXX, XXX. XXX. 27 XX XXXXXXX, XXXXXXXX XXXXXXX",DISTRITO NACIONAL,DISTRITO NACIONAL,REPUBLICA DOMINICANA,DOP,42498.28,0,42498.28,1,PARTICIPANTES,,,7,,0,0,0,615171,18,USUARIOS ADICIONALES ACCESO AL SISTEMA,USUARIOS ADICIONALES ACCESO AL SISTEMA DEL 01/11/2020 AL 30/11/2020,100,1,100,0,0,100
1117,2020-12-01 00:00:00,DEFINITIVO,MENSUAL,2020,11,459217,,2020-09-30,01-nov-20,30-nov-20,7,JURIDICO,RNC898863207,"BANCO MULTIPLE BHD LEON, S.A.","XX. X. XXXXXXXXX, XXX. XXX. 27 XX XXXXXXX, XXXXXXXX XXXXXXX",DISTRITO NACIONAL,DISTRITO NACIONAL,REPUBLICA DOMINICANA,DOP,42498.28,0,42498.28,1,PARTICIPANTES,,,7,,0,0,0,615172,2,CUOTA MENSUAL ACCESO AL SISTEMA,CUOTA MENSUAL ACCESO AL SISTEMA DEL 01/11/2020 AL 30/11/2020,100,1,100,0,0,100
1117,2020-12-01 00:00:00,DEFINITIVO,MENSUAL,2020,11,459217,,2020-09-30,01-nov-20,30-nov-20,7,JURIDICO,RNC898863207,"BANCO MULTIPLE BHD LEON, S.A.","XX. X. XXXXXXXXX, XXX. XXX. 27 XX XXXXXXX, XXXXXXXX XXXXXXX",DISTRITO NACIONAL,DISTRITO NACIONAL,REPUBLICA DOMINICANA,DOP,42498.28,0,42498.28,1,PARTICIPANTES,,,7,,0,0,0,615173,7,COMISION X CUSTODIA DE VALORES INTERNACIONALES,COMISION X CUSTODIA DE VALORES INTERNACIONALES DEL 01/11/2020 AL 30/11/2020,100,1,100,0,0,100
1117,2020-12-01 00:00:00,DEFINITIVO,MENSUAL,2020,11,459218,,2020-09-30,01-nov-20,30-nov-20,8,JURIDICO,RNC898956401,BANCO DOMINICANO DEL PROGRESO S.A. - BANCO MULTIPLE,"XX. X. X. XXXXXXX #3, XXX. XXXXXXXXXX",DISTRITO NACIONAL,DISTRITO NACIONAL,REPUBLICA DOMINICANA,DOP,382508.92,0,382508.92,1,PARTICIPANTES,,,8,,0,0,0,615174,18,USUARIOS ADICIONALES ACCESO AL SISTEMA,USUARIOS ADICIONALES ACCESO AL SISTEMA DEL 01/11/2020 AL 30/11/2020,100,1,100,0,0,100
1117,2020-12-01 00:00:00,DEFINITIVO,MENSUAL,2020,11,459218,,2020-09-30,01-nov-20,30-nov-20,8,JURIDICO,RNC898956401,BANCO DOMINICANO DEL PROGRESO S.A. - BANCO MULTIPLE,"XX. X. X. XXXXXXX #3, XXX. XXXXXXXXXX",DISTRITO NACIONAL,DISTRITO NACIONAL,REPUBLICA DOMINICANA,DOP,382508.92,0,382508.92,1,PARTICIPANTES,,,8,,0,0,0,615175,2,CUOTA MENSUAL ACCESO AL SISTEMA,CUOTA MENSUAL ACCESO AL SISTEMA DEL 01/11/2020 AL 30/11/2020,100,1,100,0,0,100
1117,2020-12-01 00:00:00,DEFINITIVO,MENSUAL,2020,11,459218,,2020-09-30,01-nov-20,30-nov-20,8,JURIDICO,RNC898956401,BANCO DOMINICANO DEL PROGRESO S.A. - BANCO MULTIPLE,"XX. X. X. XXXXXXX #3, XXX. XXXXXXXXXX",DISTRITO NACIONAL,DISTRITO NACIONAL,REPUBLICA DOMINICANA,DOP,382508.92,0,382508.92,1,PARTICIPANTES,,,8,,0,0,0,615176,7,COMISION X CUSTODIA DE VALORES INTERNACIONALES,COMISION X CUSTODIA DE VALORES INTERNACIONALES DEL 01/11/2020 AL 30/11/2020,100,1,100,0,0,100
1117,2020-12-01 00:00:00,DEFINITIVO,MENSUAL,2020,11,459219,,2020-09-30,01-nov-20,30-nov-20,9,JURIDICO,RNC898988303,"CITIBANK, N.A. SUCURSAL REPUBLICA DOMINICANA","XX. XXXXXXX XXXXXXXXX, XXXXX XXXXXXXXX, XXXXXXXX XXXXXXX",DISTRITO NACIONAL,DISTRITO NACIONAL,REPUBLICA DOMINICANA,DOP,26000,0,26000,1,PARTICIPANTES,,,9,,0,0,0,615177,2,CUOTA MENSUAL ACCESO AL SISTEMA,CUOTA MENSUAL ACCESO AL SISTEMA DEL 01/11/2020 AL 30/11/2020,100,1,100,0,0,100
1117,2020-12-01 00:00:00,DEFINITIVO,MENSUAL,2020,11,459219,,2020-09-30,01-nov-20,30-nov-20,9,JURIDICO,RNC898988303,"CITIBANK, N.A. SUCURSAL REPUBLICA DOMINICANA","XX. XXXXXXX XXXXXXXXX, XXXXX XXXXXXXXX, XXXXXXXX XXXXXXX",DISTRITO NACIONAL,DISTRITO NACIONAL,REPUBLICA DOMINICANA,DOP,26000,0,26000,1,PARTICIPANTES,,,9,,0,0,0,615178,18,USUARIOS ADICIONALES ACCESO AL SISTEMA,USUARIOS ADICIONALES ACCESO AL SISTEMA DEL 01/11/2020 AL 30/11/2020,100,1,100,0,0,100
1117,2020-12-01 00:00:00,DEFINITIVO,MENSUAL,2020,11,459220,,2020-09-30,01-nov-20,30-nov-20,10,JURIDICO,RNC898991444,SCOTIABANK,"XX. X.X. XXXXXXX, XX XX",DISTRITO NACIONAL,DISTRITO NACIONAL,REPUBLICA DOMINICANA,DOP,34010,0,34010,1,PARTICIPANTES,,,10,,0,0,0,615179,2,CUOTA MENSUAL ACCESO AL SISTEMA,CUOTA MENSUAL ACCESO AL SISTEMA DEL 01/11/2020 AL 30/11/2020,100,1,100,0,0,100
1117,2020-12-01 00:00:00,DEFINITIVO,MENSUAL,2020,11,459220,,2020-09-30,01-nov-20,30-nov-20,10,JURIDICO,RNC898991444,SCOTIABANK,"XX. X.X. XXXXXXX, XX XX",DISTRITO NACIONAL,DISTRITO NACIONAL,REPUBLICA DOMINICANA,DOP,34010,0,34010,1,PARTICIPANTES,,,10,,0,0,0,615180,18,USUARIOS ADICIONALES ACCESO AL SISTEMA,USUARIOS ADICIONALES ACCESO AL SISTEMA DEL 01/11/2020 AL 30/11/2020,100,1,100,0,0,100
1117,2020-12-01 00:00:00,DEFINITIVO,MENSUAL,2020,11,459220,,2020-09-30,01-nov-20,30-nov-20,10,JURIDICO,RNC898991444,SCOTIABANK,"XX. X.X. XXXXXXX, XX XX",DISTRITO NACIONAL,DISTRITO NACIONAL,REPUBLICA DOMINICANA,DOP,34010,0,34010,1,PARTICIPANTES,,,10,,0,0,0,615181,7,COMISION X CUSTODIA DE VALORES INTERNACIONALES,COMISION X CUSTODIA DE VALORES INTERNACIONALES DEL 01/11/2020 AL 30/11/2020,100,1,100,0,0,100
1117,2020-12-01 00:00:00,DEFINITIVO,MENSUAL,2020,11,459221,,2020-09-30,01-nov-20,30-nov-20,13,JURIDICO,RNC898215673,AFP SIEMBRA,"XXXXXXXX XXXX XXXX?XX #36,  XXXX. XXXXX XXXXX, XXXXX 301, XXXXXXXX XXXXXXX",DISTRITO NACIONAL,DISTRITO NACIONAL,REPUBLICA DOMINICANA,DOP,950000,0,950000,1,PARTICIPANTES,,,13,,0,0,0,615182,14,COMISION X CUSTODIA DE VALORES AFP,COMISION X CUSTODIA DE VALORES AFP DEL 01/11/2020 AL 30/11/2020,100,1,100,0,0,100
1117,2020-12-01 00:00:00,DEFINITIVO,MENSUAL,2020,11,459222,,2020-09-30,01-nov-20,30-nov-20,14,JURIDICO,RNC898130600,AFP RESERVAS,"XX. XXXXXXX XXXXX XXXXXX XXX. XXXX XX XXXX, XXXXXXXX",DISTRITO NACIONAL,DISTRITO NACIONAL,REPUBLICA DOMINICANA,DOP,950000,0,950000,1,PARTICIPANTES,,,14,,0,0,0,615183,14,COMISION X CUSTODIA DE VALORES AFP,COMISION X CUSTODIA DE VALORES AFP DEL 01/11/2020 AL 30/11/2020,100,1,100,0,0,100
1117,2020-12-01 00:00:00,DEFINITIVO,MENSUAL,2020,11,459223,,2020-09-30,01-nov-20,30-nov-20,15,JURIDICO,RNC898139144,AFP SCOTIA CRECER,"XXXXXXXX XXXXXXXXX XX. 94 XXX. XXXXX 6, XXXXXXXX XXXXXXX",DISTRITO NACIONAL,DISTRITO NACIONAL,REPUBLICA DOMINICANA,DOP,950000,0,950000,1,PARTICIPANTES,,,15,,0,0,0,615184,14,COMISION X CUSTODIA DE VALORES AFP,COMISION X CUSTODIA DE VALORES AFP DEL 01/11/2020 AL 30/11/2020,100,1,100,0,0,100
1117,2020-12-01 00:00:00,DEFINITIVO,MENSUAL,2020,11,459224,,2020-09-30,01-nov-20,30-nov-20,16,JURIDICO,RNC898231318,AFP POPULAR,"XXX. XXXXXXX XXXXXXX #702, XXXXXXXX XXXXXXXX",DISTRITO NACIONAL,DISTRITO NACIONAL,REPUBLICA DOMINICANA,DOP,950000,0,950000,1,PARTICIPANTES,,,16,,0,0,0,615185,14,COMISION X CUSTODIA DE VALORES AFP,COMISION X CUSTODIA DE VALORES AFP DEL 01/11/2020 AL 30/11/2020,100,1,100,0,0,100
1117,2020-12-01 00:00:00,DEFINITIVO,MENSUAL,2020,11,459225,,2020-09-30,01-nov-20,30-nov-20,21,JURIDICO,RNC887890341,AFP ROMANA,"XXXXXXX, XXXXXX",LA ROMANA,LA ROMANA,REPUBLICA DOMINICANA,DOP,242117.16,0,242117.16,1,PARTICIPANTES,,,21,,0,0,0,615186,14,COMISION X CUSTODIA DE VALORES AFP,COMISION X CUSTODIA DE VALORES AFP DEL 01/11/2020 AL 30/11/2020,100,1,100,0,0,100
1117,2020-12-01 00:00:00,DEFINITIVO,MENSUAL,2020,11,459226,,2020-09-30,01-nov-20,30-nov-20,25,JURIDICO,RNC598989937,BANCO DE RESERVAS DE LA REPUBLICA DOMINICANA,"XX. XXXXXXX XXXXXXXXX XXX. XXXXXXXX XXXXXXX, XXX. XXXXXXXX",DISTRITO NACIONAL,DISTRITO NACIONAL,REPUBLICA DOMINICANA,DOP,70850.4,0,70850.4,1,PARTICIPANTES,,,25,,0,0,0,615187,2,CUOTA MENSUAL ACCESO AL SISTEMA,CUOTA MENSUAL ACCESO AL SISTEMA DEL 01/11/2020 AL 30/11/2020,100,1,100,0,0,100
1117,2020-12-01 00:00:00,DEFINITIVO,MENSUAL,2020,11,459226,,2020-09-30,01-nov-20,30-nov-20,25,JURIDICO,RNC598989937,BANCO DE RESERVAS DE LA REPUBLICA DOMINICANA,"XX. XXXXXXX XXXXXXXXX XXX. XXXXXXXX XXXXXXX, XXX. XXXXXXXX",DISTRITO NACIONAL,DISTRITO NACIONAL,REPUBLICA DOMINICANA,DOP,70850.4,0,70850.4,1,PARTICIPANTES,,,25,,0,0,0,615188,18,USUARIOS ADICIONALES ACCESO AL SISTEMA,USUARIOS ADICIONALES ACCESO AL SISTEMA DEL 01/11/2020 AL 30/11/2020,100,1,100,0,0,100
1117,2020-12-01 00:00:00,DEFINITIVO,MENSUAL,2020,11,459226,,2020-09-30,01-nov-20,30-nov-20,25,JURIDICO,RNC598989937,BANCO DE RESERVAS DE LA REPUBLICA DOMINICANA,"XX. XXXXXXX XXXXXXXXX XXX. XXXXXXXX XXXXXXX, XXX. XXXXXXXX",DISTRITO NACIONAL,DISTRITO NACIONAL,REPUBLICA DOMINICANA,DOP,70850.4,0,70850.4,1,PARTICIPANTES,,,25,,0,0,0,615189,7,COMISION X CUSTODIA DE VALORES INTERNACIONALES,COMISION X CUSTODIA DE VALORES INTERNACIONALES DEL 01/11/2020 AL 30/11/2020,100,1,100,0,0,100
1117,2020-12-01 00:00:00,DEFINITIVO,MENSUAL,2020,11,459227,,2020-09-30,01-nov-20,30-nov-20,26,JURIDICO,RNC898254725,"BANCO MULTIPLE ADEMI, S.A.","XXX. XXXXX XXXXXXXXX XXXÑX XX.78, XX XXXXXXXXX",DISTRITO NACIONAL,DISTRITO NACIONAL,REPUBLICA DOMINICANA,DOP,20576.48,0,20576.48,1,PARTICIPANTES,,,26,,0,0,0,615190,18,USUARIOS ADICIONALES ACCESO AL SISTEMA,USUARIOS ADICIONALES ACCESO AL SISTEMA DEL 01/11/2020 AL 30/11/2020,100,1,100,0,0,100
1117,2020-12-01 00:00:00,DEFINITIVO,MENSUAL,2020,11,459227,,2020-09-30,01-nov-20,30-nov-20,26,JURIDICO,RNC898254725,"BANCO MULTIPLE ADEMI, S.A.","XXX. XXXXX XXXXXXXXX XXXÑX XX.78, XX XXXXXXXXX",DISTRITO NACIONAL,DISTRITO NACIONAL,REPUBLICA DOMINICANA,DOP,20576.48,0,20576.48,1,PARTICIPANTES,,,26,,0,0,0,615191,2,CUOTA MENSUAL ACCESO AL SISTEMA,CUOTA MENSUAL ACCESO AL SISTEMA DEL 01/11/2020 AL 30/11/2020,100,1,100,0,0,100
1117,2020-12-01 00:00:00,DEFINITIVO,MENSUAL,2020,11,459227,,2020-09-30,01-nov-20,30-nov-20,26,JURIDICO,RNC898254725,"BANCO MULTIPLE ADEMI, S.A.","XXX. XXXXX XXXXXXXXX XXXÑX XX.78, XX XXXXXXXXX",DISTRITO NACIONAL,DISTRITO NACIONAL,REPUBLICA DOMINICANA,DOP,20576.48,0,20576.48,1,PARTICIPANTES,,,26,,0,0,0,615192,7,COMISION X CUSTODIA DE VALORES INTERNACIONALES,COMISION X CUSTODIA DE VALORES INTERNACIONALES DEL 01/11/2020 AL 30/11/2020,100,1,100,0,0,100
1117,2020-12-01 00:00:00,DEFINITIVO,MENSUAL,2020,11,459228,,2020-09-30,01-nov-20,30-nov-20,27,JURIDICO,RNC898959702,"BANCO MULTIPLE BDI, S.A.","XX. XXXXXXXX XX. 27, XX XXXXX",DISTRITO NACIONAL,DISTRITO NACIONAL,REPUBLICA DOMINICANA,DOP,14000,0,14000,1,PARTICIPANTES,,,27,,0,0,0,615193,18,USUARIOS ADICIONALES ACCESO AL SISTEMA,USUARIOS ADICIONALES ACCESO AL SISTEMA DEL 01/11/2020 AL 30/11/2020,100,1,100,0,0,100
1117,2020-12-01 00:00:00,DEFINITIVO,MENSUAL,2020,11,459228,,2020-09-30,01-nov-20,30-nov-20,27,JURIDICO,RNC898959702,"BANCO MULTIPLE BDI, S.A.","XX. XXXXXXXX XX. 27, XX XXXXX",DISTRITO NACIONAL,DISTRITO NACIONAL,REPUBLICA DOMINICANA,DOP,14000,0,14000,1,PARTICIPANTES,,,27,,0,0,0,615194,2,CUOTA MENSUAL ACCESO AL SISTEMA,CUOTA MENSUAL ACCESO AL SISTEMA DEL 01/11/2020 AL 30/11/2020,100,1,100,0,0,100
1117,2020-12-01 00:00:00,DEFINITIVO,MENSUAL,2020,11,459229,,2020-09-30,01-nov-20,30-nov-20,28,JURIDICO,RNC898854110,"BANCO MULTIPLE LOPEZ DE HARO, S.A.",XX. XXXXXXXX XX. 20,LA JULIA,DISTRITO NACIONAL,REPUBLICA DOMINICANA,DOP,11000,0,11000,1,PARTICIPANTES,,,28,,0,0,0,615195,18,USUARIOS ADICIONALES ACCESO AL SISTEMA,USUARIOS ADICIONALES ACCESO AL SISTEMA DEL 01/11/2020 AL 30/11/2020,100,1,100,0,0,100
1117,2020-12-01 00:00:00,DEFINITIVO,MENSUAL,2020,11,459229,,2020-09-30,01-nov-20,30-nov-20,28,JURIDICO,RNC898854110,"BANCO MULTIPLE LOPEZ DE HARO, S.A.",XX. XXXXXXXX XX. 20,LA JULIA,DISTRITO NACIONAL,REPUBLICA DOMINICANA,DOP,11000,0,11000,1,PARTICIPANTES,,,28,,0,0,0,615196,2,CUOTA MENSUAL ACCESO AL SISTEMA,CUOTA MENSUAL ACCESO AL SISTEMA DEL 01/11/2020 AL 30/11/2020,100,1,100,0,0,100
1117,2020-12-01 00:00:00,DEFINITIVO,MENSUAL,2020,11,459230,,2020-09-30,01-nov-20,30-nov-20,30,JURIDICO,RNC898155476,BANCO MULTIPLE PROMERICA DE LA REPUBLICA DOMINICANA,"XXXXXXX XXXXXXXXX XX. 420 XXX. XXXXXX XX XX XXXXXXXX XXXXX XXXXXXXXXXX XX XXXXX, XXXXXXXX",DISTRITO NACIONAL,DISTRITO NACIONAL,REPUBLICA DOMINICANA,DOP,27915.46,0,27915.46,1,PARTICIPANTES,,,30,,0,0,0,615197,2,CUOTA MENSUAL ACCESO AL SISTEMA,CUOTA MENSUAL ACCESO AL SISTEMA DEL 01/11/2020 AL 30/11/2020,100,1,100,0,0,100
1117,2020-12-01 00:00:00,DEFINITIVO,MENSUAL,2020,11,459230,,2020-09-30,01-nov-20,30-nov-20,30,JURIDICO,RNC898155476,BANCO MULTIPLE PROMERICA DE LA REPUBLICA DOMINICANA,"XXXXXXX XXXXXXXXX XX. 420 XXX. XXXXXX XX XX XXXXXXXX XXXXX XXXXXXXXXXX XX XXXXX, XXXXXXXX",DISTRITO NACIONAL,DISTRITO NACIONAL,REPUBLICA DOMINICANA,DOP,27915.46,0,27915.46,1,PARTICIPANTES,,,30,,0,0,0,615198,18,USUARIOS ADICIONALES ACCESO AL SISTEMA,USUARIOS ADICIONALES ACCESO AL SISTEMA DEL 01/11/2020 AL 30/11/2020,100,1,100,0,0,100
1117,2020-12-01 00:00:00,DEFINITIVO,MENSUAL,2020,11,459230,,2020-09-30,01-nov-20,30-nov-20,30,JURIDICO,RNC898155476,BANCO MULTIPLE PROMERICA DE LA REPUBLICA DOMINICANA,"XXXXXXX XXXXXXXXX XX. 420 XXX. XXXXXX XX XX XXXXXXXX XXXXX XXXXXXXXXXX XX XXXXX, XXXXXXXX",DISTRITO NACIONAL,DISTRITO NACIONAL,REPUBLICA DOMINICANA,DOP,27915.46,0,27915.46,1,PARTICIPANTES,,,30,,0,0,0,615199,38,COMISION X CUSTODIA DE VALORES DE RENTA VARIABLE,COMISION X CUSTODIA DE VALORES DE RENTA VARIABLE DEL 01/11/2020 AL 30/11/2020,100,1,100,0,0,100
1117,2020-12-01 00:00:00,DEFINITIVO,MENSUAL,2020,11,459230,,2020-09-30,01-nov-20,30-nov-20,30,JURIDICO,RNC898155476,BANCO MULTIPLE PROMERICA DE LA REPUBLICA DOMINICANA,"XXXXXXX XXXXXXXXX XX. 420 XXX. XXXXXX XX XX XXXXXXXX XXXXX XXXXXXXXXXX XX XXXXX, XXXXXXXX",DISTRITO NACIONAL,DISTRITO NACIONAL,REPUBLICA DOMINICANA,DOP,27915.46,0,27915.46,1,PARTICIPANTES,,,30,,0,0,0,615200,7,COMISION X CUSTODIA DE VALORES INTERNACIONALES,COMISION X CUSTODIA DE VALORES INTERNACIONALES DEL 01/11/2020 AL 30/11/2020,100,1,100,0,0,100
1117,2020-12-01 00:00:00,DEFINITIVO,MENSUAL,2020,11,459231,,2020-09-30,01-nov-20,30-nov-20,31,JURIDICO,RNC898986475,ASOCIACION LA NACIONAL DE AHORROS Y PRESTAMOS,"XXX. 27 XX XXXXXXX XX 218, XXX. XX XXXXXX",DISTRITO NACIONAL,DISTRITO NACIONAL,REPUBLICA DOMINICANA,DOP,14000,0,14000,1,PARTICIPANTES,,,31,,0,0,0,615201,2,CUOTA MENSUAL ACCESO AL SISTEMA,CUOTA MENSUAL ACCESO AL SISTEMA DEL 01/11/2020 AL 30/11/2020,100,1,100,0,0,100
1117,2020-12-01 00:00:00,DEFINITIVO,MENSUAL,2020,11,459231,,2020-09-30,01-nov-20,30-nov-20,31,JURIDICO,RNC898986475,ASOCIACION LA NACIONAL DE AHORROS Y PRESTAMOS,"XXX. 27 XX XXXXXXX XX 218, XXX. XX XXXXXX",DISTRITO NACIONAL,DISTRITO NACIONAL,REPUBLICA DOMINICANA,DOP,14000,0,14000,1,PARTICIPANTES,,,31,,0,0,0,615202,18,USUARIOS ADICIONALES ACCESO AL SISTEMA,USUARIOS ADICIONALES ACCESO AL SISTEMA DEL 01/11/2020 AL 30/11/2020,100,1,100,0,0,100
1117,2020-12-01 00:00:00,DEFINITIVO,MENSUAL,2020,11,459232,,2020-09-30,01-nov-20,30-nov-20,32,JURIDICO,RNC598999868,ASOCIACION POPULAR AHORROS Y PRESTAMOS,"XX. XXXXXX XXXXX, XXX. 27 XX XXXXXXX, XXXXX XXXXXXX",DISTRITO NACIONAL,DISTRITO NACIONAL,REPUBLICA DOMINICANA,DOP,26000,0,26000,1,PARTICIPANTES,,,32,,0,0,0,615203,2,CUOTA MENSUAL ACCESO AL SISTEMA,CUOTA MENSUAL ACCESO AL SISTEMA DEL 01/11/2020 AL 30/11/2020,100,1,100,0,0,100
1117,2020-12-01 00:00:00,DEFINITIVO,MENSUAL,2020,11,459232,,2020-09-30,01-nov-20,30-nov-20,32,JURIDICO,RNC598999868,ASOCIACION POPULAR AHORROS Y PRESTAMOS,"XX. XXXXXX XXXXX, XXX. 27 XX XXXXXXX, XXXXX XXXXXXX",DISTRITO NACIONAL,DISTRITO NACIONAL,REPUBLICA DOMINICANA,DOP,26000,0,26000,1,PARTICIPANTES,,,32,,0,0,0,615204,18,USUARIOS ADICIONALES ACCESO AL SISTEMA,USUARIOS ADICIONALES ACCESO AL SISTEMA DEL 01/11/2020 AL 30/11/2020,100,1,100,0,0,100
1117,2020-12-01 00:00:00,DEFINITIVO,MENSUAL,2020,11,459233,,2020-09-30,01-nov-20,30-nov-20,36,JURIDICO,RNC593999947,ASOCIACION MOCANA DE AHORROS Y PRESTAMOS,"XXXXX XXXXXXX XX XX XXXX XX. 20, XXXX",MOCA,ESPAILLAT,REPUBLICA DOMINICANA,DOP,8000,0,8000,1,PARTICIPANTES,,,36,,0,0,0,615205,2,CUOTA MENSUAL ACCESO AL SISTEMA,CUOTA MENSUAL ACCESO AL SISTEMA DEL 01/11/2020 AL 30/11/2020,100,1,100,0,0,100
1117,2020-12-01 00:00:00,DEFINITIVO,MENSUAL,2020,11,459234,,2020-09-30,01-nov-20,30-nov-20,37,JURIDICO,RNC597998135,ASOCIACION CIBAO DE AHORROS Y PRESTAMOS,"XXXXX 30 XX XXXXX XX. 27, XXXXXXXX",SANTIAGO,SANTIAGO,REPUBLICA DOMINICANA,DOP,8000,0,8000,1,PARTICIPANTES,,,37,,0,0,0,615206,2,CUOTA MENSUAL ACCESO AL SISTEMA,CUOTA MENSUAL ACCESO AL SISTEMA DEL 01/11/2020 AL 30/11/2020,100,1,100,0,0,100
1117,2020-12-01 00:00:00,DEFINITIVO,MENSUAL,2020,11,459235,,2020-09-30,01-nov-20,30-nov-20,38,JURIDICO,RNC897987078,BANCO SANTA CRUZ,"XX. XXXX XX XXXX XX. 21, XXXXX XXXXXXX",DISTRITO NACIONAL,DISTRITO NACIONAL,REPUBLICA DOMINICANA,DOP,15406.44,0,15406.44,1,PARTICIPANTES,,,38,,0,0,0,615207,18,USUARIOS ADICIONALES ACCESO AL SISTEMA,USUARIOS ADICIONALES ACCESO AL SISTEMA DEL 01/11/2020 AL 30/11/2020,100,1,100,0,0,100
1117,2020-12-01 00:00:00,DEFINITIVO,MENSUAL,2020,11,459235,,2020-09-30,01-nov-20,30-nov-20,38,JURIDICO,RNC897987078,BANCO SANTA CRUZ,"XX. XXXX XX XXXX XX. 21, XXXXX XXXXXXX",DISTRITO NACIONAL,DISTRITO NACIONAL,REPUBLICA DOMINICANA,DOP,15406.44,0,15406.44,1,PARTICIPANTES,,,38,,0,0,0,615208,2,CUOTA MENSUAL ACCESO AL SISTEMA,CUOTA MENSUAL ACCESO AL SISTEMA DEL 01/11/2020 AL 30/11/2020,100,1,100,0,0,100
1117,2020-12-01 00:00:00,DEFINITIVO,MENSUAL,2020,11,459235,,2020-09-30,01-nov-20,30-nov-20,38,JURIDICO,RNC897987078,BANCO SANTA CRUZ,"XX. XXXX XX XXXX XX. 21, XXXXX XXXXXXX",DISTRITO NACIONAL,DISTRITO NACIONAL,REPUBLICA DOMINICANA,DOP,15406.44,0,15406.44,1,PARTICIPANTES,,,38,,0,0,0,615209,7,COMISION X CUSTODIA DE VALORES INTERNACIONALES,COMISION X CUSTODIA DE VALORES INTERNACIONALES DEL 01/11/2020 AL 30/11/2020,100,1,100,0,0,100
1117,2020-12-01 00:00:00,DEFINITIVO,MENSUAL,2020,11,459236,,2020-09-30,01-nov-20,30-nov-20,39,JURIDICO,RNC898978588,"BANCO MULTIPLE VIMENCA, S.A.","XX. XXXXXXX XXXXXXX XX.306, XXXXXXXX XX XXXXX",DISTRITO NACIONAL,DISTRITO NACIONAL,REPUBLICA DOMINICANA,DOP,8000,0,8000,1,PARTICIPANTES,,,39,,0,0,0,615210,2,CUOTA MENSUAL ACCESO AL SISTEMA,CUOTA MENSUAL ACCESO AL SISTEMA DEL 01/11/2020 AL 30/11/2020,100,1,100,0,0,100
1117,2020-12-01 00:00:00,DEFINITIVO,MENSUAL,2020,11,459237,,2020-09-30,01-nov-20,30-nov-20,46,JURIDICO,RNC595999487,ASOCIACION DUARTE DE AHORROS Y PRESTAMOS,"XXXXX XXXXXXXX XX.50, XXX XXXXXXXXX XX XXXXXXX",DISTRITO NACIONAL,DISTRITO NACIONAL,REPUBLICA DOMINICANA,DOP,11000,0,11000,1,PARTICIPANTES,,,46,,0,0,0,615211,18,USUARIOS ADICIONALES ACCESO AL SISTEMA,USUARIOS ADICIONALES ACCESO AL SISTEMA DEL 01/11/2020 AL 30/11/2020,100,1,100,0,0,100
1117,2020-12-01 00:00:00,DEFINITIVO,MENSUAL,2020,11,459237,,2020-09-30,01-nov-20,30-nov-20,46,JURIDICO,RNC595999487,ASOCIACION DUARTE DE AHORROS Y PRESTAMOS,"XXXXX XXXXXXXX XX.50, XXX XXXXXXXXX XX XXXXXXX",DISTRITO NACIONAL,DISTRITO NACIONAL,REPUBLICA DOMINICANA,DOP,11000,0,11000,1,PARTICIPANTES,,,46,,0,0,0,615212,2,CUOTA MENSUAL ACCESO AL SISTEMA,CUOTA MENSUAL ACCESO AL SISTEMA DEL 01/11/2020 AL 30/11/2020,100,1,100,0,0,100
1117,2020-12-01 00:00:00,DEFINITIVO,MENSUAL,2020,11,459238,,2020-09-30,01-nov-20,30-nov-20,50,JURIDICO,RNC101892579,"EXCEL PUESTO DE BOLSA, S.A.","XXX XXXXXXXXX XXXXX XX.78, XXXXXXXX XXXXXXXX",DISTRITO NACIONAL,DISTRITO NACIONAL,REPUBLICA DOMINICANA,DOP,298811.1,0,298811.1,1,PARTICIPANTES,,,50,,0,0,0,615213,2,CUOTA MENSUAL ACCESO AL SISTEMA,CUOTA MENSUAL ACCESO AL SISTEMA DEL 01/11/2020 AL 30/11/2020,100,1,100,0,0,100
1117,2020-12-01 00:00:00,DEFINITIVO,MENSUAL,2020,11,459238,,2020-09-30,01-nov-20,30-nov-20,50,JURIDICO,RNC101892579,"EXCEL PUESTO DE BOLSA, S.A.","XXX XXXXXXXXX XXXXX XX.78, XXXXXXXX XXXXXXXX",DISTRITO NACIONAL,DISTRITO NACIONAL,REPUBLICA DOMINICANA,DOP,298811.1,0,298811.1,1,PARTICIPANTES,,,50,,0,0,0,615214,18,USUARIOS ADICIONALES ACCESO AL SISTEMA,USUARIOS ADICIONALES ACCESO AL SISTEMA DEL 01/11/2020 AL 30/11/2020,100,1,100,0,0,100
1117,2020-12-01 00:00:00,DEFINITIVO,MENSUAL,2020,11,459238,,2020-09-30,01-nov-20,30-nov-20,50,JURIDICO,RNC101892579,"EXCEL PUESTO DE BOLSA, S.A.","XXX XXXXXXXXX XXXXX XX.78, XXXXXXXX XXXXXXXX",DISTRITO NACIONAL,DISTRITO NACIONAL,REPUBLICA DOMINICANA,DOP,298811.1,0,298811.1,1,PARTICIPANTES,,,50,,0,0,0,615215,38,COMISION X CUSTODIA DE VALORES DE RENTA VARIABLE,COMISION X CUSTODIA DE VALORES DE RENTA VARIABLE DEL 01/11/2020 AL 30/11/2020,100,1,100,0,0,100
1117,2020-12-01 00:00:00,DEFINITIVO,MENSUAL,2020,11,459238,,2020-09-30,01-nov-20,30-nov-20,50,JURIDICO,RNC101892579,"EXCEL PUESTO DE BOLSA, S.A.","XXX XXXXXXXXX XXXXX XX.78, XXXXXXXX XXXXXXXX",DISTRITO NACIONAL,DISTRITO NACIONAL,REPUBLICA DOMINICANA,DOP,298811.1,0,298811.1,1,PARTICIPANTES,,,50,,0,0,0,615216,7,COMISION X CUSTODIA DE VALORES INTERNACIONALES,COMISION X CUSTODIA DE VALORES INTERNACIONALES DEL 01/11/2020 AL 30/11/2020,100,1,100,0,0,100
1117,2020-12-01 00:00:00,DEFINITIVO,MENSUAL,2020,11,459239,,2020-09-30,01-nov-20,30-nov-20,55,JURIDICO,RNC101598646,"INVERSIONES POPULAR, S.A.","XXXX. XXXXX XXXXXXX XX.20, XXXXXX XXXXX, XXXXX XXXXXXX",DISTRITO NACIONAL,DISTRITO NACIONAL,REPUBLICA DOMINICANA,DOP,711447.98,0,711447.98,1,PARTICIPANTES,,,55,,0,0,0,615217,18,USUARIOS ADICIONALES ACCESO AL SISTEMA,USUARIOS ADICIONALES ACCESO AL SISTEMA DEL 01/11/2020 AL 30/11/2020,100,1,100,0,0,100
1117,2020-12-01 00:00:00,DEFINITIVO,MENSUAL,2020,11,459239,,2020-09-30,01-nov-20,30-nov-20,55,JURIDICO,RNC101598646,"INVERSIONES POPULAR, S.A.","XXXX. XXXXX XXXXXXX XX.20, XXXXXX XXXXX, XXXXX XXXXXXX",DISTRITO NACIONAL,DISTRITO NACIONAL,REPUBLICA DOMINICANA,DOP,711447.98,0,711447.98,1,PARTICIPANTES,,,55,,0,0,0,615218,2,CUOTA MENSUAL ACCESO AL SISTEMA,CUOTA MENSUAL ACCESO AL SISTEMA DEL 01/11/2020 AL 30/11/2020,100,1,100,0,0,100
1117,2020-12-01 00:00:00,DEFINITIVO,MENSUAL,2020,11,459239,,2020-09-30,01-nov-20,30-nov-20,55,JURIDICO,RNC101598646,"INVERSIONES POPULAR, S.A.","XXXX. XXXXX XXXXXXX XX.20, XXXXXX XXXXX, XXXXX XXXXXXX",DISTRITO NACIONAL,DISTRITO NACIONAL,REPUBLICA DOMINICANA,DOP,711447.98,0,711447.98,1,PARTICIPANTES,,,55,,0,0,0,615219,38,COMISION X CUSTODIA DE VALORES DE RENTA VARIABLE,COMISION X CUSTODIA DE VALORES DE RENTA VARIABLE DEL 01/11/2020 AL 30/11/2020,100,1,100,0,0,100
1117,2020-12-01 00:00:00,DEFINITIVO,MENSUAL,2020,11,459239,,2020-09-30,01-nov-20,30-nov-20,55,JURIDICO,RNC101598646,"INVERSIONES POPULAR, S.A.","XXXX. XXXXX XXXXXXX XX.20, XXXXXX XXXXX, XXXXX XXXXXXX",DISTRITO NACIONAL,DISTRITO NACIONAL,REPUBLICA DOMINICANA,DOP,711447.98,0,711447.98,1,PARTICIPANTES,,,55,,0,0,0,615220,7,COMISION X CUSTODIA DE VALORES INTERNACIONALES,COMISION X CUSTODIA DE VALORES INTERNACIONALES DEL 01/11/2020 AL 30/11/2020,100,1,100,0,0,100
1117,2020-12-01 00:00:00,DEFINITIVO,MENSUAL,2020,11,459239,,2020-09-30,01-nov-20,30-nov-20,55,JURIDICO,RNC101598646,"INVERSIONES POPULAR, S.A.","XXXX. XXXXX XXXXXXX XX.20, XXXXXX XXXXX, XXXXX XXXXXXX",DISTRITO NACIONAL,DISTRITO NACIONAL,REPUBLICA DOMINICANA,DOP,711447.98,0,711447.98,1,PARTICIPANTES,,,55,,0,0,0,615221,13,PRESTAMOS DE VALORES,PRESTAMOS DE VALORES DEL 01/11/2020 AL 30/11/2020,100,1,100,0,0,100
1117,2020-12-01 00:00:00,DEFINITIVO,MENSUAL,2020,11,459239,,2020-09-30,01-nov-20,30-nov-20,55,JURIDICO,RNC101598646,"INVERSIONES POPULAR, S.A.","XXXX. XXXXX XXXXXXX XX.20, XXXXXX XXXXX, XXXXX XXXXXXX",DISTRITO NACIONAL,DISTRITO NACIONAL,REPUBLICA DOMINICANA,DOP,711447.98,0,711447.98,1,PARTICIPANTES,,,55,,0,0,0,615222,17,LIQUIDACION DE OPERACIONES FOP,LIQUIDACION DE OPERACIONES FOP DEL 01/11/2020 AL 30/11/2020,100,1,100,0,0,100
1117,2020-12-01 00:00:00,DEFINITIVO,MENSUAL,2020,11,459239,,2020-09-30,01-nov-20,30-nov-20,55,JURIDICO,RNC101598646,"INVERSIONES POPULAR, S.A.","XXXX. XXXXX XXXXXXX XX.20, XXXXXX XXXXX, XXXXX XXXXXXX",DISTRITO NACIONAL,DISTRITO NACIONAL,REPUBLICA DOMINICANA,DOP,711447.98,0,711447.98,1,PARTICIPANTES,,,55,,0,0,0,615223,53,PENALIDAD POR IMPOSIBILIDAD DE EFECTUAR PAGO DE DERECHOS POR AUSENCIA DE CUENTA BANCARIA,PENALIDAD POR IMPOSIBILIDAD DE EFECTUAR PAGO DE DERECHOS POR AUSENCIA DE CUENTA BANCARIA DEL 01/11/2020 AL 30/11/2020,100,1,100,0,0,100
1117,2020-12-01 00:00:00,DEFINITIVO,MENSUAL,2020,11,459240,,2020-09-30,01-nov-20,30-nov-20,62,JURIDICO,RNC101566043,BHD LEON PUESTO DE BOLSA S. A.,"X/ XXXX X. XXXXXX XXX. XXX. XXXXXXX XXXXXXXXX, XXXXX XXX 5XX. XXXX, XXXXXXXX XXXXXXX",DISTRITO NACIONAL,DISTRITO NACIONAL,REPUBLICA DOMINICANA,DOP,585170.15,0,585170.15,1,PARTICIPANTES,,,62,,0,0,0,615224,1,CUOTA ANUAL MEMBRESIA,CUOTA ANUAL MEMBRESIA DEL 01/12/2020 AL 30/11/2021,100,1,100,0,0,100
1117,2020-12-01 00:00:00,DEFINITIVO,MENSUAL,2020,11,459240,,2020-09-30,01-nov-20,30-nov-20,62,JURIDICO,RNC101566043,BHD LEON PUESTO DE BOLSA S. A.,"X/ XXXX X. XXXXXX XXX. XXX. XXXXXXX XXXXXXXXX, XXXXX XXX 5XX. XXXX, XXXXXXXX XXXXXXX",DISTRITO NACIONAL,DISTRITO NACIONAL,REPUBLICA DOMINICANA,DOP,585170.15,0,585170.15,1,PARTICIPANTES,,,62,,0,0,0,615225,2,CUOTA MENSUAL ACCESO AL SISTEMA,CUOTA MENSUAL ACCESO AL SISTEMA DEL 01/11/2020 AL 30/11/2020,100,1,100,0,0,100
1117,2020-12-01 00:00:00,DEFINITIVO,MENSUAL,2020,11,459240,,2020-09-30,01-nov-20,30-nov-20,62,JURIDICO,RNC101566043,BHD LEON PUESTO DE BOLSA S. A.,"X/ XXXX X. XXXXXX XXX. XXX. XXXXXXX XXXXXXXXX, XXXXX XXX 5XX. XXXX, XXXXXXXX XXXXXXX",DISTRITO NACIONAL,DISTRITO NACIONAL,REPUBLICA DOMINICANA,DOP,585170.15,0,585170.15,1,PARTICIPANTES,,,62,,0,0,0,615226,18,USUARIOS ADICIONALES ACCESO AL SISTEMA,USUARIOS ADICIONALES ACCESO AL SISTEMA DEL 01/11/2020 AL 30/11/2020,100,1,100,0,0,100
1117,2020-12-01 00:00:00,DEFINITIVO,MENSUAL,2020,11,459240,,2020-09-30,01-nov-20,30-nov-20,62,JURIDICO,RNC101566043,BHD LEON PUESTO DE BOLSA S. A.,"X/ XXXX X. XXXXXX XXX. XXX. XXXXXXX XXXXXXXXX, XXXXX XXX 5XX. XXXX, XXXXXXXX XXXXXXX",DISTRITO NACIONAL,DISTRITO NACIONAL,REPUBLICA DOMINICANA,DOP,585170.15,0,585170.15,1,PARTICIPANTES,,,62,,0,0,0,615227,38,COMISION X CUSTODIA DE VALORES DE RENTA VARIABLE,COMISION X CUSTODIA DE VALORES DE RENTA VARIABLE DEL 01/11/2020 AL 30/11/2020,100,1,100,0,0,100
1117,2020-12-01 00:00:00,DEFINITIVO,MENSUAL,2020,11,459240,,2020-09-30,01-nov-20,30-nov-20,62,JURIDICO,RNC101566043,BHD LEON PUESTO DE BOLSA S. A.,"X/ XXXX X. XXXXXX XXX. XXX. XXXXXXX XXXXXXXXX, XXXXX XXX 5XX. XXXX, XXXXXXXX XXXXXXX",DISTRITO NACIONAL,DISTRITO NACIONAL,REPUBLICA DOMINICANA,DOP,585170.15,0,585170.15,1,PARTICIPANTES,,,62,,0,0,0,615228,7,COMISION X CUSTODIA DE VALORES INTERNACIONALES,COMISION X CUSTODIA DE VALORES INTERNACIONALES DEL 01/11/2020 AL 30/11/2020,100,1,100,0,0,100
1117,2020-12-01 00:00:00,DEFINITIVO,MENSUAL,2020,11,459240,,2020-09-30,01-nov-20,30-nov-20,62,JURIDICO,RNC101566043,BHD LEON PUESTO DE BOLSA S. A.,"X/ XXXX X. XXXXXX XXX. XXX. XXXXXXX XXXXXXXXX, XXXXX XXX 5XX. XXXX, XXXXXXXX XXXXXXX",DISTRITO NACIONAL,DISTRITO NACIONAL,REPUBLICA DOMINICANA,DOP,585170.15,0,585170.15,1,PARTICIPANTES,,,62,,0,0,0,615229,16,LIQUIDACION DE OPERACIONES DVP,LIQUIDACION DE OPERACIONES DVP DEL 01/11/2020 AL 30/11/2020,100,1,100,0,0,100
1117,2020-12-01 00:00:00,DEFINITIVO,MENSUAL,2020,11,459241,,2020-09-30,01-nov-20,30-nov-20,63,JURIDICO,RNC897658742,BANCO MULTIPLE CARIBE INTERNACIONAL,"XXX. 27 XX XXXXXXX XX.208, XX XXXXXX, XXXXX XXXXXXX",DISTRITO NACIONAL,DISTRITO NACIONAL,REPUBLICA DOMINICANA,DOP,20621.45,0,20621.45,1,PARTICIPANTES,,,63,,0,0,0,615230,2,CUOTA MENSUAL ACCESO AL SISTEMA,CUOTA MENSUAL ACCESO AL SISTEMA DEL 01/11/2020 AL 30/11/2020,100,1,100,0,0,100
1117,2020-12-01 00:00:00,DEFINITIVO,MENSUAL,2020,11,459241,,2020-09-30,01-nov-20,30-nov-20,63,JURIDICO,RNC897658742,BANCO MULTIPLE CARIBE INTERNACIONAL,"XXX. 27 XX XXXXXXX XX.208, XX XXXXXX, XXXXX XXXXXXX",DISTRITO NACIONAL,DISTRITO NACIONAL,REPUBLICA DOMINICANA,DOP,20621.45,0,20621.45,1,PARTICIPANTES,,,63,,0,0,0,615231,18,USUARIOS ADICIONALES ACCESO AL SISTEMA,USUARIOS ADICIONALES ACCESO AL SISTEMA DEL 01/11/2020 AL 30/11/2020,100,1,100,0,0,100
1117,2020-12-01 00:00:00,DEFINITIVO,MENSUAL,2020,11,459241,,2020-09-30,01-nov-20,30-nov-20,63,JURIDICO,RNC897658742,BANCO MULTIPLE CARIBE INTERNACIONAL,"XXX. 27 XX XXXXXXX XX.208, XX XXXXXX, XXXXX XXXXXXX",DISTRITO NACIONAL,DISTRITO NACIONAL,REPUBLICA DOMINICANA,DOP,20621.45,0,20621.45,1,PARTICIPANTES,,,63,,0,0,0,615232,7,COMISION X CUSTODIA DE VALORES INTERNACIONALES,COMISION X CUSTODIA DE VALORES INTERNACIONALES DEL 01/11/2020 AL 30/11/2020,100,1,100,0,0,100
1117,2020-12-01 00:00:00,DEFINITIVO,MENSUAL,2020,11,459242,,2020-09-30,01-nov-20,30-nov-20,68,JURIDICO,RNC101567147,"PARALLAX VALORES PUESTO DE BOLSA, S.A.","XXX. XXXXXXXXXXXX XXX. 27 XX XXXXXXX XX.1762, XXXXXXX",DISTRITO NACIONAL,DISTRITO NACIONAL,REPUBLICA DOMINICANA,DOP,140893.63,0,140893.63,1,PARTICIPANTES,,,68,,0,0,0,615233,2,CUOTA MENSUAL ACCESO AL SISTEMA,CUOTA MENSUAL ACCESO AL SISTEMA DEL 01/11/2020 AL 30/11/2020,100,1,100,0,0,100
1117,2020-12-01 00:00:00,DEFINITIVO,MENSUAL,2020,11,459242,,2020-09-30,01-nov-20,30-nov-20,68,JURIDICO,RNC101567147,"PARALLAX VALORES PUESTO DE BOLSA, S.A.","XXX. XXXXXXXXXXXX XXX. 27 XX XXXXXXX XX.1762, XXXXXXX",DISTRITO NACIONAL,DISTRITO NACIONAL,REPUBLICA DOMINICANA,DOP,140893.63,0,140893.63,1,PARTICIPANTES,,,68,,0,0,0,615234,18,USUARIOS ADICIONALES ACCESO AL SISTEMA,USUARIOS ADICIONALES ACCESO AL SISTEMA DEL 01/11/2020 AL 30/11/2020,100,1,100,0,0,100
1117,2020-12-01 00:00:00,DEFINITIVO,MENSUAL,2020,11,459242,,2020-09-30,01-nov-20,30-nov-20,68,JURIDICO,RNC101567147,"PARALLAX VALORES PUESTO DE BOLSA, S.A.","XXX. XXXXXXXXXXXX XXX. 27 XX XXXXXXX XX.1762, XXXXXXX",DISTRITO NACIONAL,DISTRITO NACIONAL,REPUBLICA DOMINICANA,DOP,140893.63,0,140893.63,1,PARTICIPANTES,,,68,,0,0,0,615235,7,COMISION X CUSTODIA DE VALORES INTERNACIONALES,COMISION X CUSTODIA DE VALORES INTERNACIONALES DEL 01/11/2020 AL 30/11/2020,100,1,100,0,0,100
1117,2020-12-01 00:00:00,DEFINITIVO,MENSUAL,2020,11,459242,,2020-09-30,01-nov-20,30-nov-20,68,JURIDICO,RNC101567147,"PARALLAX VALORES PUESTO DE BOLSA, S.A.","XXX. XXXXXXXXXXXX XXX. 27 XX XXXXXXX XX.1762, XXXXXXX",DISTRITO NACIONAL,DISTRITO NACIONAL,REPUBLICA DOMINICANA,DOP,140893.63,0,140893.63,1,PARTICIPANTES,,,68,,0,0,0,615236,38,COMISION X CUSTODIA DE VALORES DE RENTA VARIABLE,COMISION X CUSTODIA DE VALORES DE RENTA VARIABLE DEL 01/11/2020 AL 30/11/2020,100,1,100,0,0,100
1117,2020-12-01 00:00:00,DEFINITIVO,MENSUAL,2020,11,459243,,2020-09-30,01-nov-20,30-nov-20,83,JURIDICO,RNC101894008,"INVERSIONES Y RESERVAS, S.A.","XXXXXXX XXXXXXXXX XXX. XXXXXXXX XXXXXXX, XXXXXXXX XXXXX XXXXX 302, XXXXXXXX XXXXXXX",DISTRITO NACIONAL,DISTRITO NACIONAL,REPUBLICA DOMINICANA,DOP,904401.4,0,904401.4,1,PARTICIPANTES,,,83,,0,0,0,615237,18,USUARIOS ADICIONALES ACCESO AL SISTEMA,USUARIOS ADICIONALES ACCESO AL SISTEMA DEL 01/11/2020 AL 30/11/2020,100,1,100,0,0,100
1117,2020-12-01 00:00:00,DEFINITIVO,MENSUAL,2020,11,459243,,2020-09-30,01-nov-20,30-nov-20,83,JURIDICO,RNC101894008,"INVERSIONES Y RESERVAS, S.A.","XXXXXXX XXXXXXXXX XXX. XXXXXXXX XXXXXXX, XXXXXXXX XXXXX XXXXX 302, XXXXXXXX XXXXXXX",DISTRITO NACIONAL,DISTRITO NACIONAL,REPUBLICA DOMINICANA,DOP,904401.4,0,904401.4,1,PARTICIPANTES,,,83,,0,0,0,615238,2,CUOTA MENSUAL ACCESO AL SISTEMA,CUOTA MENSUAL ACCESO AL SISTEMA DEL 01/11/2020 AL 30/11/2020,100,1,100,0,0,100
1117,2020-12-01 00:00:00,DEFINITIVO,MENSUAL,2020,11,459243,,2020-09-30,01-nov-20,30-nov-20,83,JURIDICO,RNC101894008,"INVERSIONES Y RESERVAS, S.A.","XXXXXXX XXXXXXXXX XXX. XXXXXXXX XXXXXXX, XXXXXXXX XXXXX XXXXX 302, XXXXXXXX XXXXXXX",DISTRITO NACIONAL,DISTRITO NACIONAL,REPUBLICA DOMINICANA,DOP,904401.4,0,904401.4,1,PARTICIPANTES,,,83,,0,0,0,615239,38,COMISION X CUSTODIA DE VALORES DE RENTA VARIABLE,COMISION X CUSTODIA DE VALORES DE RENTA VARIABLE DEL 01/11/2020 AL 30/11/2020,100,1,100,0,0,100
1117,2020-12-01 00:00:00,DEFINITIVO,MENSUAL,2020,11,459243,,2020-09-30,01-nov-20,30-nov-20,83,JURIDICO,RNC101894008,"INVERSIONES Y RESERVAS, S.A.","XXXXXXX XXXXXXXXX XXX. XXXXXXXX XXXXXXX, XXXXXXXX XXXXX XXXXX 302, XXXXXXXX XXXXXXX",DISTRITO NACIONAL,DISTRITO NACIONAL,REPUBLICA DOMINICANA,DOP,904401.4,0,904401.4,1,PARTICIPANTES,,,83,,0,0,0,615240,7,COMISION X CUSTODIA DE VALORES INTERNACIONALES,COMISION X CUSTODIA DE VALORES INTERNACIONALES DEL 01/11/2020 AL 30/11/2020,100,1,100,0,0,100
1117,2020-12-01 00:00:00,DEFINITIVO,MENSUAL,2020,11,459244,,2020-09-30,01-nov-20,30-nov-20,84,JURIDICO,RNC101608315,"CITINVERSIONES DE TITULOS Y VALORES, S.A.","XXX. XXXXXXX XXXXXXXXX, XXXXX XXXXXXXXX, XXXXXXXX XXXXXXXX",DISTRITO NACIONAL,DISTRITO NACIONAL,REPUBLICA DOMINICANA,DOP,20000,0,20000,1,PARTICIPANTES,,,84,,0,0,0,615241,18,USUARIOS ADICIONALES ACCESO AL SISTEMA,USUARIOS ADICIONALES ACCESO AL SISTEMA DEL 01/11/2020 AL 30/11/2020,100,1,100,0,0,100
1117,2020-12-01 00:00:00,DEFINITIVO,MENSUAL,2020,11,459244,,2020-09-30,01-nov-20,30-nov-20,84,JURIDICO,RNC101608315,"CITINVERSIONES DE TITULOS Y VALORES, S.A.","XXX. XXXXXXX XXXXXXXXX, XXXXX XXXXXXXXX, XXXXXXXX XXXXXXXX",DISTRITO NACIONAL,DISTRITO NACIONAL,REPUBLICA DOMINICANA,DOP,20000,0,20000,1,PARTICIPANTES,,,84,,0,0,0,615242,2,CUOTA MENSUAL ACCESO AL SISTEMA,CUOTA MENSUAL ACCESO AL SISTEMA DEL 01/11/2020 AL 30/11/2020,100,1,100,0,0,100
1117,2020-12-01 00:00:00,DEFINITIVO,MENSUAL,2020,11,459245,,2020-09-30,01-nov-20,30-nov-20,90,JURIDICO,RNC101591781,"JMMB PUESTO DE BOLSA, S.A.","XXXÓXXXXX XXXXXX, XXXX 12 XXXXXXX XXXXXXX XXXXXXXXX, XXXXX XXXXXXX",DISTRITO NACIONAL,DISTRITO NACIONAL,REPUBLICA DOMINICANA,DOP,210257.6,0,210257.6,1,PARTICIPANTES,,,90,,0,0,0,615243,2,CUOTA MENSUAL ACCESO AL SISTEMA,CUOTA MENSUAL ACCESO AL SISTEMA DEL 01/11/2020 AL 30/11/2020,100,1,100,0,0,100
1117,2020-12-01 00:00:00,DEFINITIVO,MENSUAL,2020,11,459245,,2020-09-30,01-nov-20,30-nov-20,90,JURIDICO,RNC101591781,"JMMB PUESTO DE BOLSA, S.A.","XXXÓXXXXX XXXXXX, XXXX 12 XXXXXXX XXXXXXX XXXXXXXXX, XXXXX XXXXXXX",DISTRITO NACIONAL,DISTRITO NACIONAL,REPUBLICA DOMINICANA,DOP,210257.6,0,210257.6,1,PARTICIPANTES,,,90,,0,0,0,615244,18,USUARIOS ADICIONALES ACCESO AL SISTEMA,USUARIOS ADICIONALES ACCESO AL SISTEMA DEL 01/11/2020 AL 30/11/2020,100,1,100,0,0,100
1117,2020-12-01 00:00:00,DEFINITIVO,MENSUAL,2020,11,459245,,2020-09-30,01-nov-20,30-nov-20,90,JURIDICO,RNC101591781,"JMMB PUESTO DE BOLSA, S.A.","XXXÓXXXXX XXXXXX, XXXX 12 XXXXXXX XXXXXXX XXXXXXXXX, XXXXX XXXXXXX",DISTRITO NACIONAL,DISTRITO NACIONAL,REPUBLICA DOMINICANA,DOP,210257.6,0,210257.6,1,PARTICIPANTES,,,90,,0,0,0,615245,7,COMISION X CUSTODIA DE VALORES INTERNACIONALES,COMISION X CUSTODIA DE VALORES INTERNACIONALES DEL 01/11/2020 AL 30/11/2020,100,1,100,0,0,100
1117,2020-12-01 00:00:00,DEFINITIVO,MENSUAL,2020,11,459245,,2020-09-30,01-nov-20,30-nov-20,90,JURIDICO,RNC101591781,"JMMB PUESTO DE BOLSA, S.A.","XXXÓXXXXX XXXXXX, XXXX 12 XXXXXXX XXXXXXX XXXXXXXXX, XXXXX XXXXXXX",DISTRITO NACIONAL,DISTRITO NACIONAL,REPUBLICA DOMINICANA,DOP,210257.6,0,210257.6,1,PARTICIPANTES,,,90,,0,0,0,615246,38,COMISION X CUSTODIA DE VALORES DE RENTA VARIABLE,COMISION X CUSTODIA DE VALORES DE RENTA VARIABLE DEL 01/11/2020 AL 30/11/2020,100,1,100,0,0,100
1117,2020-12-01 00:00:00,DEFINITIVO,MENSUAL,2020,11,459245,,2020-09-30,01-nov-20,30-nov-20,90,JURIDICO,RNC101591781,"JMMB PUESTO DE BOLSA, S.A.","XXXÓXXXXX XXXXXX, XXXX 12 XXXXXXX XXXXXXX XXXXXXXXX, XXXXX XXXXXXX",DISTRITO NACIONAL,DISTRITO NACIONAL,REPUBLICA DOMINICANA,DOP,210257.6,0,210257.6,1,PARTICIPANTES,,,90,,0,0,0,615247,16,LIQUIDACION DE OPERACIONES DVP,LIQUIDACION DE OPERACIONES DVP DEL 01/11/2020 AL 30/11/2020,100,1,100,0,0,100
1117,2020-12-01 00:00:00,DEFINITIVO,MENSUAL,2020,11,459245,,2020-09-30,01-nov-20,30-nov-20,90,JURIDICO,RNC101591781,"JMMB PUESTO DE BOLSA, S.A.","XXXÓXXXXX XXXXXX, XXXX 12 XXXXXXX XXXXXXX XXXXXXXXX, XXXXX XXXXXXX",DISTRITO NACIONAL,DISTRITO NACIONAL,REPUBLICA DOMINICANA,DOP,210257.6,0,210257.6,1,PARTICIPANTES,,,90,,0,0,0,615248,52,CANCELACION DE OPERACIONES,CANCELACION DE OPERACIONES DEL 01/11/2020 AL 30/11/2020,100,1,100,0,0,100
1117,2020-12-01 00:00:00,DEFINITIVO,MENSUAL,2020,11,459246,,2020-09-30,01-nov-20,30-nov-20,94,JURIDICO,RNC130538362,"ALPHA SOCIEDAD DE VALORES, S.A. PUESTO DE BOLSA","XXXXX XXXXXXXXX XXXÑX XX. 150 XXXXX XXXXXX XXX XXXXX 11 X 10, XXXXXXXX XXXXXXXX",DISTRITO NACIONAL,DISTRITO NACIONAL,REPUBLICA DOMINICANA,DOP,153402.82,0,153402.82,1,PARTICIPANTES,,,94,,0,0,0,615249,2,CUOTA MENSUAL ACCESO AL SISTEMA,CUOTA MENSUAL ACCESO AL SISTEMA DEL 01/11/2020 AL 30/11/2020,100,1,100,0,0,100
1117,2020-12-01 00:00:00,DEFINITIVO,MENSUAL,2020,11,459246,,2020-09-30,01-nov-20,30-nov-20,94,JURIDICO,RNC130538362,"ALPHA SOCIEDAD DE VALORES, S.A. PUESTO DE BOLSA","XXXXX XXXXXXXXX XXXÑX XX. 150 XXXXX XXXXXX XXX XXXXX 11 X 10, XXXXXXXX XXXXXXXX",DISTRITO NACIONAL,DISTRITO NACIONAL,REPUBLICA DOMINICANA,DOP,153402.82,0,153402.82,1,PARTICIPANTES,,,94,,0,0,0,615250,18,USUARIOS ADICIONALES ACCESO AL SISTEMA,USUARIOS ADICIONALES ACCESO AL SISTEMA DEL 01/11/2020 AL 30/11/2020,100,1,100,0,0,100
1117,2020-12-01 00:00:00,DEFINITIVO,MENSUAL,2020,11,459246,,2020-09-30,01-nov-20,30-nov-20,94,JURIDICO,RNC130538362,"ALPHA SOCIEDAD DE VALORES, S.A. PUESTO DE BOLSA","XXXXX XXXXXXXXX XXXÑX XX. 150 XXXXX XXXXXX XXX XXXXX 11 X 10, XXXXXXXX XXXXXXXX",DISTRITO NACIONAL,DISTRITO NACIONAL,REPUBLICA DOMINICANA,DOP,153402.82,0,153402.82,1,PARTICIPANTES,,,94,,0,0,0,615251,7,COMISION X CUSTODIA DE VALORES INTERNACIONALES,COMISION X CUSTODIA DE VALORES INTERNACIONALES DEL 01/11/2020 AL 30/11/2020,100,1,100,0,0,100
1117,2020-12-01 00:00:00,DEFINITIVO,MENSUAL,2020,11,459246,,2020-09-30,01-nov-20,30-nov-20,94,JURIDICO,RNC130538362,"ALPHA SOCIEDAD DE VALORES, S.A. PUESTO DE BOLSA","XXXXX XXXXXXXXX XXXÑX XX. 150 XXXXX XXXXXX XXX XXXXX 11 X 10, XXXXXXXX XXXXXXXX",DISTRITO NACIONAL,DISTRITO NACIONAL,REPUBLICA DOMINICANA,DOP,153402.82,0,153402.82,1,PARTICIPANTES,,,94,,0,0,0,615252,38,COMISION X CUSTODIA DE VALORES DE RENTA VARIABLE,COMISION X CUSTODIA DE VALORES DE RENTA VARIABLE DEL 01/11/2020 AL 30/11/2020,100,1,100,0,0,100
1117,2020-12-01 00:00:00,DEFINITIVO,MENSUAL,2020,11,459246,,2020-09-30,01-nov-20,30-nov-20,94,JURIDICO,RNC130538362,"ALPHA SOCIEDAD DE VALORES, S.A. PUESTO DE BOLSA","XXXXX XXXXXXXXX XXXÑX XX. 150 XXXXX XXXXXX XXX XXXXX 11 X 10, XXXXXXXX XXXXXXXX",DISTRITO NACIONAL,DISTRITO NACIONAL,REPUBLICA DOMINICANA,DOP,153402.82,0,153402.82,1,PARTICIPANTES,,,94,,0,0,0,615253,9,CAMBIO DE TITULARIDAD,CAMBIO DE TITULARIDAD DEL 01/11/2020 AL 30/11/2020,100,1,100,0,0,100
1117,2020-12-01 00:00:00,DEFINITIVO,MENSUAL,2020,11,459246,,2020-09-30,01-nov-20,30-nov-20,94,JURIDICO,RNC130538362,"ALPHA SOCIEDAD DE VALORES, S.A. PUESTO DE BOLSA","XXXXX XXXXXXXXX XXXÑX XX. 150 XXXXX XXXXXX XXX XXXXX 11 X 10, XXXXXXXX XXXXXXXX",DISTRITO NACIONAL,DISTRITO NACIONAL,REPUBLICA DOMINICANA,DOP,153402.82,0,153402.82,1,PARTICIPANTES,,,94,,0,0,0,615254,13,PRESTAMOS DE VALORES,PRESTAMOS DE VALORES DEL 01/11/2020 AL 30/11/2020,100,1,100,0,0,100
1117,2020-12-01 00:00:00,DEFINITIVO,MENSUAL,2020,11,459246,,2020-09-30,01-nov-20,30-nov-20,94,JURIDICO,RNC130538362,"ALPHA SOCIEDAD DE VALORES, S.A. PUESTO DE BOLSA","XXXXX XXXXXXXXX XXXÑX XX. 150 XXXXX XXXXXX XXX XXXXX 11 X 10, XXXXXXXX XXXXXXXX",DISTRITO NACIONAL,DISTRITO NACIONAL,REPUBLICA DOMINICANA,DOP,153402.82,0,153402.82,1,PARTICIPANTES,,,94,,0,0,0,615255,16,LIQUIDACION DE OPERACIONES DVP,LIQUIDACION DE OPERACIONES DVP DEL 01/11/2020 AL 30/11/2020,100,1,100,0,0,100
1117,2020-12-01 00:00:00,DEFINITIVO,MENSUAL,2020,11,459246,,2020-09-30,01-nov-20,30-nov-20,94,JURIDICO,RNC130538362,"ALPHA SOCIEDAD DE VALORES, S.A. PUESTO DE BOLSA","XXXXX XXXXXXXXX XXXÑX XX. 150 XXXXX XXXXXX XXX XXXXX 11 X 10, XXXXXXXX XXXXXXXX",DISTRITO NACIONAL,DISTRITO NACIONAL,REPUBLICA DOMINICANA,DOP,153402.82,0,153402.82,1,PARTICIPANTES,,,94,,0,0,0,615256,17,LIQUIDACION DE OPERACIONES FOP,LIQUIDACION DE OPERACIONES FOP DEL 01/11/2020 AL 30/11/2020,100,1,100,0,0,100
1117,2020-12-01 00:00:00,DEFINITIVO,MENSUAL,2020,11,459246,,2020-09-30,01-nov-20,30-nov-20,94,JURIDICO,RNC130538362,"ALPHA SOCIEDAD DE VALORES, S.A. PUESTO DE BOLSA","XXXXX XXXXXXXXX XXXÑX XX. 150 XXXXX XXXXXX XXX XXXXX 11 X 10, XXXXXXXX XXXXXXXX",DISTRITO NACIONAL,DISTRITO NACIONAL,REPUBLICA DOMINICANA,DOP,153402.82,0,153402.82,1,PARTICIPANTES,,,94,,0,0,0,615257,52,CANCELACION DE OPERACIONES,CANCELACION DE OPERACIONES DEL 01/11/2020 AL 30/11/2020,100,1,100,0,0,100
1117,2020-12-01 00:00:00,DEFINITIVO,MENSUAL,2020,11,459247,,2020-09-30,01-nov-20,30-nov-20,97,JURIDICO,RNC898231318,"ADMINISTRADORA DE FONDOS DE PENSIONES POPULAR, S.A.","XXXXXXX XXXXXXX XX. 702, XXXXX XXXXXXX",DISTRITO NACIONAL,DISTRITO NACIONAL,REPUBLICA DOMINICANA,DOP,4745.83,0,4745.83,1,PARTICIPANTES,,,97,,0,0,0,615258,38,COMISION X CUSTODIA DE VALORES DE RENTA VARIABLE,COMISION X CUSTODIA DE VALORES DE RENTA VARIABLE DEL 01/11/2020 AL 30/11/2020,100,1,100,0,0,100
1117,2020-12-01 00:00:00,DEFINITIVO,MENSUAL,2020,11,459248,,2020-09-30,01-nov-20,30-nov-20,102,JURIDICO,RNC869299971,"BANESCO BANCO MULTIPLE, S.A.","XXXXXXX XXXXXXX XXXXXXX XX. 1021, XXXXX XXXXXXX XX",DISTRITO NACIONAL,DISTRITO NACIONAL,REPUBLICA DOMINICANA,DOP,54832.66,0,54832.66,1,PARTICIPANTES,,,102,,0,0,0,615259,18,USUARIOS ADICIONALES ACCESO AL SISTEMA,USUARIOS ADICIONALES ACCESO AL SISTEMA DEL 01/11/2020 AL 30/11/2020,100,1,100,0,0,100
1117,2020-12-01 00:00:00,DEFINITIVO,MENSUAL,2020,11,459248,,2020-09-30,01-nov-20,30-nov-20,102,JURIDICO,RNC869299971,"BANESCO BANCO MULTIPLE, S.A.","XXXXXXX XXXXXXX XXXXXXX XX. 1021, XXXXX XXXXXXX XX",DISTRITO NACIONAL,DISTRITO NACIONAL,REPUBLICA DOMINICANA,DOP,54832.66,0,54832.66,1,PARTICIPANTES,,,102,,0,0,0,615260,2,CUOTA MENSUAL ACCESO AL SISTEMA,CUOTA MENSUAL ACCESO AL SISTEMA DEL 01/11/2020 AL 30/11/2020,100,1,100,0,0,100
1117,2020-12-01 00:00:00,DEFINITIVO,MENSUAL,2020,11,459248,,2020-09-30,01-nov-20,30-nov-20,102,JURIDICO,RNC869299971,"BANESCO BANCO MULTIPLE, S.A.","XXXXXXX XXXXXXX XXXXXXX XX. 1021, XXXXX XXXXXXX XX",DISTRITO NACIONAL,DISTRITO NACIONAL,REPUBLICA DOMINICANA,DOP,54832.66,0,54832.66,1,PARTICIPANTES,,,102,,0,0,0,615261,7,COMISION X CUSTODIA DE VALORES INTERNACIONALES,COMISION X CUSTODIA DE VALORES INTERNACIONALES DEL 01/11/2020 AL 30/11/2020,100,1,100,0,0,100
1117,2020-12-01 00:00:00,DEFINITIVO,MENSUAL,2020,11,459249,,2020-09-30,01-nov-20,30-nov-20,104,JURIDICO,RNC898882157,"BANCO MULTIPLE DE LAS AMERICAS, S.A.","XXXXXXXXX XXXXX XXXXXXX XX. 301, XXX. XXXXX XXXXXXXX XXXXXXX, XXXXX XXXXXXX",DISTRITO NACIONAL,DISTRITO NACIONAL,REPUBLICA DOMINICANA,DOP,8363.42,0,8363.42,1,PARTICIPANTES,,,104,,0,0,0,615262,2,CUOTA MENSUAL ACCESO AL SISTEMA,CUOTA MENSUAL ACCESO AL SISTEMA DEL 01/11/2020 AL 30/11/2020,100,1,100,0,0,100
1117,2020-12-01 00:00:00,DEFINITIVO,MENSUAL,2020,11,459249,,2020-09-30,01-nov-20,30-nov-20,104,JURIDICO,RNC898882157,"BANCO MULTIPLE DE LAS AMERICAS, S.A.","XXXXXXXXX XXXXX XXXXXXX XX. 301, XXX. XXXXX XXXXXXXX XXXXXXX, XXXXX XXXXXXX",DISTRITO NACIONAL,DISTRITO NACIONAL,REPUBLICA DOMINICANA,DOP,8363.42,0,8363.42,1,PARTICIPANTES,,,104,,0,0,0,615263,7,COMISION X CUSTODIA DE VALORES INTERNACIONALES,COMISION X CUSTODIA DE VALORES INTERNACIONALES DEL 01/11/2020 AL 30/11/2020,100,1,100,0,0,100
1117,2020-12-01 00:00:00,DEFINITIVO,MENSUAL,2020,11,459250,,2020-09-30,01-nov-20,30-nov-20,107,JURIDICO,RNC130736431,"CCI PUESTO DE BOLSA, S.A.","XXX. XXXXXXX XXXXX XXXXXX XXXX XXX. XXXXXXX XXXXXXX, XXXXX XXXXXXXXXXX XXXXXXXX, XXXXX XXXXXXX",DISTRITO NACIONAL,DISTRITO NACIONAL,REPUBLICA DOMINICANA,DOP,161106.35,0,161106.35,1,PARTICIPANTES,,,107,,0,0,0,615264,2,CUOTA MENSUAL ACCESO AL SISTEMA,CUOTA MENSUAL ACCESO AL SISTEMA DEL 01/11/2020 AL 30/11/2020,100,1,100,0,0,100
1117,2020-12-01 00:00:00,DEFINITIVO,MENSUAL,2020,11,459250,,2020-09-30,01-nov-20,30-nov-20,107,JURIDICO,RNC130736431,"CCI PUESTO DE BOLSA, S.A.","XXX. XXXXXXX XXXXX XXXXXX XXXX XXX. XXXXXXX XXXXXXX, XXXXX XXXXXXXXXXX XXXXXXXX, XXXXX XXXXXXX",DISTRITO NACIONAL,DISTRITO NACIONAL,REPUBLICA DOMINICANA,DOP,161106.35,0,161106.35,1,PARTICIPANTES,,,107,,0,0,0,615265,18,USUARIOS ADICIONALES ACCESO AL SISTEMA,USUARIOS ADICIONALES ACCESO AL SISTEMA DEL 01/11/2020 AL 30/11/2020,100,1,100,0,0,100
1117,2020-12-01 00:00:00,DEFINITIVO,MENSUAL,2020,11,459250,,2020-09-30,01-nov-20,30-nov-20,107,JURIDICO,RNC130736431,"CCI PUESTO DE BOLSA, S.A.","XXX. XXXXXXX XXXXX XXXXXX XXXX XXX. XXXXXXX XXXXXXX, XXXXX XXXXXXXXXXX XXXXXXXX, XXXXX XXXXXXX",DISTRITO NACIONAL,DISTRITO NACIONAL,REPUBLICA DOMINICANA,DOP,161106.35,0,161106.35,1,PARTICIPANTES,,,107,,0,0,0,615266,38,COMISION X CUSTODIA DE VALORES DE RENTA VARIABLE,COMISION X CUSTODIA DE VALORES DE RENTA VARIABLE DEL 01/11/2020 AL 30/11/2020,100,1,100,0,0,100
1117,2020-12-01 00:00:00,DEFINITIVO,MENSUAL,2020,11,459250,,2020-09-30,01-nov-20,30-nov-20,107,JURIDICO,RNC130736431,"CCI PUESTO DE BOLSA, S.A.","XXX. XXXXXXX XXXXX XXXXXX XXXX XXX. XXXXXXX XXXXXXX, XXXXX XXXXXXXXXXX XXXXXXXX, XXXXX XXXXXXX",DISTRITO NACIONAL,DISTRITO NACIONAL,REPUBLICA DOMINICANA,DOP,161106.35,0,161106.35,1,PARTICIPANTES,,,107,,0,0,0,615267,7,COMISION X CUSTODIA DE VALORES INTERNACIONALES,COMISION X CUSTODIA DE VALORES INTERNACIONALES DEL 01/11/2020 AL 30/11/2020,100,1,100,0,0,100
1117,2020-12-01 00:00:00,DEFINITIVO,MENSUAL,2020,11,459250,,2020-09-30,01-nov-20,30-nov-20,107,JURIDICO,RNC130736431,"CCI PUESTO DE BOLSA, S.A.","XXX. XXXXXXX XXXXX XXXXXX XXXX XXX. XXXXXXX XXXXXXX, XXXXX XXXXXXXXXXX XXXXXXXX, XXXXX XXXXXXX",DISTRITO NACIONAL,DISTRITO NACIONAL,REPUBLICA DOMINICANA,DOP,161106.35,0,161106.35,1,PARTICIPANTES,,,107,,0,0,0,615268,17,LIQUIDACION DE OPERACIONES FOP,LIQUIDACION DE OPERACIONES FOP DEL 01/11/2020 AL 30/11/2020,100,1,100,0,0,100
1117,2020-12-01 00:00:00,DEFINITIVO,MENSUAL,2020,11,459251,,2020-09-30,01-nov-20,30-nov-20,108,JURIDICO,RNC130389128,"UC-UNITED CAPITAL PUESTO DE BOLSA, S.A.",XXXXXX XXXXXXX XXXXXXX XX. 86 XXXXX XXXXXXXXX XXXXXX XXXX 6,PIANTINI,DISTRITO NACIONAL,REPUBLICA DOMINICANA,DOP,234927.51,0,234927.51,1,PARTICIPANTES,,,108,,0,0,0,615269,2,CUOTA MENSUAL ACCESO AL SISTEMA,CUOTA MENSUAL ACCESO AL SISTEMA DEL 01/11/2020 AL 30/11/2020,100,1,100,0,0,100
1117,2020-12-01 00:00:00,DEFINITIVO,MENSUAL,2020,11,459251,,2020-09-30,01-nov-20,30-nov-20,108,JURIDICO,RNC130389128,"UC-UNITED CAPITAL PUESTO DE BOLSA, S.A.",XXXXXX XXXXXXX XXXXXXX XX. 86 XXXXX XXXXXXXXX XXXXXX XXXX 6,PIANTINI,DISTRITO NACIONAL,REPUBLICA DOMINICANA,DOP,234927.51,0,234927.51,1,PARTICIPANTES,,,108,,0,0,0,615270,18,USUARIOS ADICIONALES ACCESO AL SISTEMA,USUARIOS ADICIONALES ACCESO AL SISTEMA DEL 01/11/2020 AL 30/11/2020,100,1,100,0,0,100
1117,2020-12-01 00:00:00,DEFINITIVO,MENSUAL,2020,11,459251,,2020-09-30,01-nov-20,30-nov-20,108,JURIDICO,RNC130389128,"UC-UNITED CAPITAL PUESTO DE BOLSA, S.A.",XXXXXX XXXXXXX XXXXXXX XX. 86 XXXXX XXXXXXXXX XXXXXX XXXX 6,PIANTINI,DISTRITO NACIONAL,REPUBLICA DOMINICANA,DOP,234927.51,0,234927.51,1,PARTICIPANTES,,,108,,0,0,0,615271,38,COMISION X CUSTODIA DE VALORES DE RENTA VARIABLE,COMISION X CUSTODIA DE VALORES DE RENTA VARIABLE DEL 01/11/2020 AL 30/11/2020,100,1,100,0,0,100
1117,2020-12-01 00:00:00,DEFINITIVO,MENSUAL,2020,11,459251,,2020-09-30,01-nov-20,30-nov-20,108,JURIDICO,RNC130389128,"UC-UNITED CAPITAL PUESTO DE BOLSA, S.A.",XXXXXX XXXXXXX XXXXXXX XX. 86 XXXXX XXXXXXXXX XXXXXX XXXX 6,PIANTINI,DISTRITO NACIONAL,REPUBLICA DOMINICANA,DOP,234927.51,0,234927.51,1,PARTICIPANTES,,,108,,0,0,0,615272,7,COMISION X CUSTODIA DE VALORES INTERNACIONALES,COMISION X CUSTODIA DE VALORES INTERNACIONALES DEL 01/11/2020 AL 30/11/2020,100,1,100,0,0,100
1117,2020-12-01 00:00:00,DEFINITIVO,MENSUAL,2020,11,459251,,2020-09-30,01-nov-20,30-nov-20,108,JURIDICO,RNC130389128,"UC-UNITED CAPITAL PUESTO DE BOLSA, S.A.",XXXXXX XXXXXXX XXXXXXX XX. 86 XXXXX XXXXXXXXX XXXXXX XXXX 6,PIANTINI,DISTRITO NACIONAL,REPUBLICA DOMINICANA,DOP,234927.51,0,234927.51,1,PARTICIPANTES,,,108,,0,0,0,615273,17,LIQUIDACION DE OPERACIONES FOP,LIQUIDACION DE OPERACIONES FOP DEL 01/11/2020 AL 30/11/2020,100,1,100,0,0,100
1117,2020-12-01 00:00:00,DEFINITIVO,MENSUAL,2020,11,459251,,2020-09-30,01-nov-20,30-nov-20,108,JURIDICO,RNC130389128,"UC-UNITED CAPITAL PUESTO DE BOLSA, S.A.",XXXXXX XXXXXXX XXXXXXX XX. 86 XXXXX XXXXXXXXX XXXXXX XXXX 6,PIANTINI,DISTRITO NACIONAL,REPUBLICA DOMINICANA,DOP,234927.51,0,234927.51,1,PARTICIPANTES,,,108,,0,0,0,615274,13,PRESTAMOS DE VALORES,PRESTAMOS DE VALORES DEL 01/11/2020 AL 30/11/2020,100,1,100,0,0,100
1117,2020-12-01 00:00:00,DEFINITIVO,MENSUAL,2020,11,459251,,2020-09-30,01-nov-20,30-nov-20,108,JURIDICO,RNC130389128,"UC-UNITED CAPITAL PUESTO DE BOLSA, S.A.",XXXXXX XXXXXXX XXXXXXX XX. 86 XXXXX XXXXXXXXX XXXXXX XXXX 6,PIANTINI,DISTRITO NACIONAL,REPUBLICA DOMINICANA,DOP,234927.51,0,234927.51,1,PARTICIPANTES,,,108,,0,0,0,615275,52,CANCELACION DE OPERACIONES,CANCELACION DE OPERACIONES DEL 01/11/2020 AL 30/11/2020,100,1,100,0,0,100
1117,2020-12-01 00:00:00,DEFINITIVO,MENSUAL,2020,11,459252,,2020-09-30,01-nov-20,30-nov-20,113,JURIDICO,RNC584999824,ASOCIACION PERAVIA DE AHORROS Y PRESTAMOS,"X/ XXXXXX XX. 27 XXXXXXX X/ XXXXXXX XXXX XXXXXXXXX XXXXXXX, XXXX",BANÍ,PERAVIA,REPUBLICA DOMINICANA,DOP,8000,0,8000,1,PARTICIPANTES,,,113,,0,0,0,615276,2,CUOTA MENSUAL ACCESO AL SISTEMA,CUOTA MENSUAL ACCESO AL SISTEMA DEL 01/11/2020 AL 30/11/2020,100,1,100,0,0,100
1117,2020-12-01 00:00:00,DEFINITIVO,MENSUAL,2020,11,459253,,2020-09-30,01-nov-20,30-nov-20,114,JURIDICO,RNC869770658,PIONEER INVESTMENT FUND ADMINISTRADORA DE FONDOS S.A.,"XXX. XXXXXXX XXXXX XXXXXX XX. 54 XXXXX XXXXXXX. XXXX 17. XXXXX 17X, XXXX",DISTRITO NACIONAL,DISTRITO NACIONAL,REPUBLICA DOMINICANA,DOP,8000,0,8000,1,PARTICIPANTES,,,114,,0,0,0,615277,2,CUOTA MENSUAL ACCESO AL SISTEMA,CUOTA MENSUAL ACCESO AL SISTEMA DEL 01/11/2020 AL 30/11/2020,100,1,100,0,0,100
1117,2020-12-01 00:00:00,DEFINITIVO,MENSUAL,2020,11,459254,,2020-09-30,01-nov-20,30-nov-20,115,JURIDICO,RNC596998620,ASOCIACION BONAO DE AHORROS Y PRESTAMOS,"XX. XXXXXXXX XXXXXXX XXXXXXX, XXXXX",BONAO,MONSEÑOR NOUEL,REPUBLICA DOMINICANA,DOP,8000,0,8000,1,PARTICIPANTES,,,115,,0,0,0,615278,2,CUOTA MENSUAL ACCESO AL SISTEMA,CUOTA MENSUAL ACCESO AL SISTEMA DEL 01/11/2020 AL 30/11/2020,100,1,100,0,0,100
1117,2020-12-01 00:00:00,DEFINITIVO,MENSUAL,2020,11,459255,,2020-09-30,01-nov-20,30-nov-20,118,JURIDICO,RNC898881568,"BANCO MULTIPLE BELL BANK, S.A.","XX. 27 XX XXXXXXX XX. 452, XXXXXXX XXXXX",DISTRITO NACIONAL,DISTRITO NACIONAL,REPUBLICA DOMINICANA,DOP,11000,0,11000,1,PARTICIPANTES,,,118,,0,0,0,615279,18,USUARIOS ADICIONALES ACCESO AL SISTEMA,USUARIOS ADICIONALES ACCESO AL SISTEMA DEL 01/11/2020 AL 30/11/2020,100,1,100,0,0,100
1117,2020-12-01 00:00:00,DEFINITIVO,MENSUAL,2020,11,459255,,2020-09-30,01-nov-20,30-nov-20,118,JURIDICO,RNC898881568,"BANCO MULTIPLE BELL BANK, S.A.","XX. 27 XX XXXXXXX XX. 452, XXXXXXX XXXXX",DISTRITO NACIONAL,DISTRITO NACIONAL,REPUBLICA DOMINICANA,DOP,11000,0,11000,1,PARTICIPANTES,,,118,,0,0,0,615280,2,CUOTA MENSUAL ACCESO AL SISTEMA,CUOTA MENSUAL ACCESO AL SISTEMA DEL 01/11/2020 AL 30/11/2020,100,1,100,0,0,100
1117,2020-12-01 00:00:00,DEFINITIVO,MENSUAL,2020,11,459256,,2020-09-30,01-nov-20,30-nov-20,122,JURIDICO,RNC898885601,"BANCO ATLANTICO DE AHORRO Y CREDITO, S.A.","XXXXXXX XXXXX XX. 57, XXXXX XXXXXXX, XXXXX 203, XXXXXXXX XXXX",DISTRITO NACIONAL,DISTRITO NACIONAL,REPUBLICA DOMINICANA,DOP,8000,0,8000,1,PARTICIPANTES,,,122,,0,0,0,615281,2,CUOTA MENSUAL ACCESO AL SISTEMA,CUOTA MENSUAL ACCESO AL SISTEMA DEL 01/11/2020 AL 30/11/2020,100,1,100,0,0,100
1117,2020-12-01 00:00:00,DEFINITIVO,MENSUAL,2020,11,459257,,2020-09-30,01-nov-20,30-nov-20,123,JURIDICO,RNC869173518,BANCO MULTIPLE LAFISE,"XXXXXXXX XXXXXXX XXXXX XXXXX 4XX XXXX, XXXXXXXX XXXXXXX",DISTRITO NACIONAL,DISTRITO NACIONAL,REPUBLICA DOMINICANA,DOP,21387.9,0,21387.9,1,PARTICIPANTES,,,123,,0,0,0,615282,18,USUARIOS ADICIONALES ACCESO AL SISTEMA,USUARIOS ADICIONALES ACCESO AL SISTEMA DEL 01/11/2020 AL 30/11/2020,100,1,100,0,0,100
1117,2020-12-01 00:00:00,DEFINITIVO,MENSUAL,2020,11,459257,,2020-09-30,01-nov-20,30-nov-20,123,JURIDICO,RNC869173518,BANCO MULTIPLE LAFISE,"XXXXXXXX XXXXXXX XXXXX XXXXX 4XX XXXX, XXXXXXXX XXXXXXX",DISTRITO NACIONAL,DISTRITO NACIONAL,REPUBLICA DOMINICANA,DOP,21387.9,0,21387.9,1,PARTICIPANTES,,,123,,0,0,0,615283,2,CUOTA MENSUAL ACCESO AL SISTEMA,CUOTA MENSUAL ACCESO AL SISTEMA DEL 01/11/2020 AL 30/11/2020,100,1,100,0,0,100
1117,2020-12-01 00:00:00,DEFINITIVO,MENSUAL,2020,11,459257,,2020-09-30,01-nov-20,30-nov-20,123,JURIDICO,RNC869173518,BANCO MULTIPLE LAFISE,"XXXXXXXX XXXXXXX XXXXX XXXXX 4XX XXXX, XXXXXXXX XXXXXXX",DISTRITO NACIONAL,DISTRITO NACIONAL,REPUBLICA DOMINICANA,DOP,21387.9,0,21387.9,1,PARTICIPANTES,,,123,,0,0,0,615284,7,COMISION X CUSTODIA DE VALORES INTERNACIONALES,COMISION X CUSTODIA DE VALORES INTERNACIONALES DEL 01/11/2020 AL 30/11/2020,100,1,100,0,0,100
1117,2020-12-01 00:00:00,DEFINITIVO,MENSUAL,2020,11,459258,,2020-09-30,01-nov-20,30-nov-20,124,JURIDICO,DIORUC013045-8-466606,"BHD INTERNATIONAL BANK (PANAMA), S. A.","X/ 50 XXXXXXX XXXXX XXXXX XXXXXXX, XXXXXX",PANAMA,PANAMA,PANAMA,DOP,130674.26,0,130674.26,1,PARTICIPANTES,,,124,,0,0,0,615285,2,CUOTA MENSUAL ACCESO AL SISTEMA,CUOTA MENSUAL ACCESO AL SISTEMA DEL 01/11/2020 AL 30/11/2020,100,1,100,0,0,100
1117,2020-12-01 00:00:00,DEFINITIVO,MENSUAL,2020,11,459258,,2020-09-30,01-nov-20,30-nov-20,124,JURIDICO,DIORUC013045-8-466606,"BHD INTERNATIONAL BANK (PANAMA), S. A.","X/ 50 XXXXXXX XXXXX XXXXX XXXXXXX, XXXXXX",PANAMA,PANAMA,PANAMA,DOP,130674.26,0,130674.26,1,PARTICIPANTES,,,124,,0,0,0,615286,18,USUARIOS ADICIONALES ACCESO AL SISTEMA,USUARIOS ADICIONALES ACCESO AL SISTEMA DEL 01/11/2020 AL 30/11/2020,100,1,100,0,0,100
1117,2020-12-01 00:00:00,DEFINITIVO,MENSUAL,2020,11,459258,,2020-09-30,01-nov-20,30-nov-20,124,JURIDICO,DIORUC013045-8-466606,"BHD INTERNATIONAL BANK (PANAMA), S. A.","X/ 50 XXXXXXX XXXXX XXXXX XXXXXXX, XXXXXX",PANAMA,PANAMA,PANAMA,DOP,130674.26,0,130674.26,1,PARTICIPANTES,,,124,,0,0,0,615287,7,COMISION X CUSTODIA DE VALORES INTERNACIONALES,COMISION X CUSTODIA DE VALORES INTERNACIONALES DEL 01/11/2020 AL 30/11/2020,100,1,100,0,0,100
1117,2020-12-01 00:00:00,DEFINITIVO,MENSUAL,2020,11,459259,,2020-09-30,01-nov-20,30-nov-20,126,JURIDICO,RNC131047165,"TITULOS Y VALORES, S. A.","XXXX XXXXX XXXXX XXXXXXX XXXXXXX XXXXXXX XXXXXXXX XXXXX XXXX 5, XXXXXXXX XXXXXXX",DISTRITO NACIONAL,DISTRITO NACIONAL,REPUBLICA DOMINICANA,DOP,161868.47,0,161868.47,1,PARTICIPANTES,,,126,,0,0,0,615288,1,CUOTA ANUAL MEMBRESIA,CUOTA ANUAL MEMBRESIA DEL 01/12/2020 AL 30/11/2021,100,1,100,0,0,100
1117,2020-12-01 00:00:00,DEFINITIVO,MENSUAL,2020,11,459259,,2020-09-30,01-nov-20,30-nov-20,126,JURIDICO,RNC131047165,"TITULOS Y VALORES, S. A.","XXXX XXXXX XXXXX XXXXXXX XXXXXXX XXXXXXX XXXXXXXX XXXXX XXXX 5, XXXXXXXX XXXXXXX",DISTRITO NACIONAL,DISTRITO NACIONAL,REPUBLICA DOMINICANA,DOP,161868.47,0,161868.47,1,PARTICIPANTES,,,126,,0,0,0,615289,2,CUOTA MENSUAL ACCESO AL SISTEMA,CUOTA MENSUAL ACCESO AL SISTEMA DEL 01/11/2020 AL 30/11/2020,100,1,100,0,0,100
1117,2020-12-01 00:00:00,DEFINITIVO,MENSUAL,2020,11,459259,,2020-09-30,01-nov-20,30-nov-20,126,JURIDICO,RNC131047165,"TITULOS Y VALORES, S. A.","XXXX XXXXX XXXXX XXXXXXX XXXXXXX XXXXXXX XXXXXXXX XXXXX XXXX 5, XXXXXXXX XXXXXXX",DISTRITO NACIONAL,DISTRITO NACIONAL,REPUBLICA DOMINICANA,DOP,161868.47,0,161868.47,1,PARTICIPANTES,,,126,,0,0,0,615290,18,USUARIOS ADICIONALES ACCESO AL SISTEMA,USUARIOS ADICIONALES ACCESO AL SISTEMA DEL 01/11/2020 AL 30/11/2020,100,1,100,0,0,100
1117,2020-12-01 00:00:00,DEFINITIVO,MENSUAL,2020,11,459259,,2020-09-30,01-nov-20,30-nov-20,126,JURIDICO,RNC131047165,"TITULOS Y VALORES, S. A.","XXXX XXXXX XXXXX XXXXXXX XXXXXXX XXXXXXX XXXXXXXX XXXXX XXXX 5, XXXXXXXX XXXXXXX",DISTRITO NACIONAL,DISTRITO NACIONAL,REPUBLICA DOMINICANA,DOP,161868.47,0,161868.47,1,PARTICIPANTES,,,126,,0,0,0,615291,38,COMISION X CUSTODIA DE VALORES DE RENTA VARIABLE,COMISION X CUSTODIA DE VALORES DE RENTA VARIABLE DEL 01/11/2020 AL 30/11/2020,100,1,100,0,0,100
1117,2020-12-01 00:00:00,DEFINITIVO,MENSUAL,2020,11,459259,,2020-09-30,01-nov-20,30-nov-20,126,JURIDICO,RNC131047165,"TITULOS Y VALORES, S. A.","XXXX XXXXX XXXXX XXXXXXX XXXXXXX XXXXXXX XXXXXXXX XXXXX XXXX 5, XXXXXXXX XXXXXXX",DISTRITO NACIONAL,DISTRITO NACIONAL,REPUBLICA DOMINICANA,DOP,161868.47,0,161868.47,1,PARTICIPANTES,,,126,,0,0,0,615292,7,COMISION X CUSTODIA DE VALORES INTERNACIONALES,COMISION X CUSTODIA DE VALORES INTERNACIONALES DEL 01/11/2020 AL 30/11/2020,100,1,100,0,0,100
1117,2020-12-01 00:00:00,DEFINITIVO,MENSUAL,2020,11,459259,,2020-09-30,01-nov-20,30-nov-20,126,JURIDICO,RNC131047165,"TITULOS Y VALORES, S. A.","XXXX XXXXX XXXXX XXXXXXX XXXXXXX XXXXXXX XXXXXXXX XXXXX XXXX 5, XXXXXXXX XXXXXXX",DISTRITO NACIONAL,DISTRITO NACIONAL,REPUBLICA DOMINICANA,DOP,161868.47,0,161868.47,1,PARTICIPANTES,,,126,,0,0,0,615293,13,PRESTAMOS DE VALORES,PRESTAMOS DE VALORES DEL 01/11/2020 AL 30/11/2020,100,1,100,0,0,100
1117,2020-12-01 00:00:00,DEFINITIVO,MENSUAL,2020,11,459259,,2020-09-30,01-nov-20,30-nov-20,126,JURIDICO,RNC131047165,"TITULOS Y VALORES, S. A.","XXXX XXXXX XXXXX XXXXXXX XXXXXXX XXXXXXX XXXXXXXX XXXXX XXXX 5, XXXXXXXX XXXXXXX",DISTRITO NACIONAL,DISTRITO NACIONAL,REPUBLICA DOMINICANA,DOP,161868.47,0,161868.47,1,PARTICIPANTES,,,126,,0,0,0,615294,17,LIQUIDACION DE OPERACIONES FOP,LIQUIDACION DE OPERACIONES FOP DEL 01/11/2020 AL 30/11/2020,100,1,100,0,0,100
1117,2020-12-01 00:00:00,DEFINITIVO,MENSUAL,2020,11,459260,,2020-09-30,01-nov-20,30-nov-20,127,JURIDICO,RNC101619368,"PRIMMA VALORES, S. A. PUESTO DE BOLSA","XXXXXXX XXXX XX XXXX XX. 29, XXXXX XXXXXXXXXX, XXXX 11, XXXXX 1105, XXXXXXXX XXXX",DISTRITO NACIONAL,DISTRITO NACIONAL,REPUBLICA DOMINICANA,DOP,89716.3,0,89716.3,1,PARTICIPANTES,,,127,,0,0,0,615295,2,CUOTA MENSUAL ACCESO AL SISTEMA,CUOTA MENSUAL ACCESO AL SISTEMA DEL 01/11/2020 AL 30/11/2020,100,1,100,0,0,100
1117,2020-12-01 00:00:00,DEFINITIVO,MENSUAL,2020,11,459260,,2020-09-30,01-nov-20,30-nov-20,127,JURIDICO,RNC101619368,"PRIMMA VALORES, S. A. PUESTO DE BOLSA","XXXXXXX XXXX XX XXXX XX. 29, XXXXX XXXXXXXXXX, XXXX 11, XXXXX 1105, XXXXXXXX XXXX",DISTRITO NACIONAL,DISTRITO NACIONAL,REPUBLICA DOMINICANA,DOP,89716.3,0,89716.3,1,PARTICIPANTES,,,127,,0,0,0,615296,18,USUARIOS ADICIONALES ACCESO AL SISTEMA,USUARIOS ADICIONALES ACCESO AL SISTEMA DEL 01/11/2020 AL 30/11/2020,100,1,100,0,0,100
1117,2020-12-01 00:00:00,DEFINITIVO,MENSUAL,2020,11,459260,,2020-09-30,01-nov-20,30-nov-20,127,JURIDICO,RNC101619368,"PRIMMA VALORES, S. A. PUESTO DE BOLSA","XXXXXXX XXXX XX XXXX XX. 29, XXXXX XXXXXXXXXX, XXXX 11, XXXXX 1105, XXXXXXXX XXXX",DISTRITO NACIONAL,DISTRITO NACIONAL,REPUBLICA DOMINICANA,DOP,89716.3,0,89716.3,1,PARTICIPANTES,,,127,,0,0,0,615297,38,COMISION X CUSTODIA DE VALORES DE RENTA VARIABLE,COMISION X CUSTODIA DE VALORES DE RENTA VARIABLE DEL 01/11/2020 AL 30/11/2020,100,1,100,0,0,100
1117,2020-12-01 00:00:00,DEFINITIVO,MENSUAL,2020,11,459260,,2020-09-30,01-nov-20,30-nov-20,127,JURIDICO,RNC101619368,"PRIMMA VALORES, S. A. PUESTO DE BOLSA","XXXXXXX XXXX XX XXXX XX. 29, XXXXX XXXXXXXXXX, XXXX 11, XXXXX 1105, XXXXXXXX XXXX",DISTRITO NACIONAL,DISTRITO NACIONAL,REPUBLICA DOMINICANA,DOP,89716.3,0,89716.3,1,PARTICIPANTES,,,127,,0,0,0,615298,7,COMISION X CUSTODIA DE VALORES INTERNACIONALES,COMISION X CUSTODIA DE VALORES INTERNACIONALES DEL 01/11/2020 AL 30/11/2020,100,1,100,0,0,100
1117,2020-12-01 00:00:00,DEFINITIVO,MENSUAL,2020,11,459261,,2020-09-30,01-nov-20,30-nov-20,140,JURIDICO,RNC869097587,"ADMINISTRADORA DE FONDOS DE INVERSION BHD, S. A.","XXXXXXXX XXXX XXXXXXX XXXXXXX XXXXXXX XXXXX XXXXXX XX. 36, XXXXXXXX XXXXXXX",DISTRITO NACIONAL,DISTRITO NACIONAL,REPUBLICA DOMINICANA,DOP,8000,0,8000,1,PARTICIPANTES,,,140,,0,0,0,615299,2,CUOTA MENSUAL ACCESO AL SISTEMA,CUOTA MENSUAL ACCESO AL SISTEMA DEL 01/11/2020 AL 30/11/2020,100,1,100,0,0,100
1117,2020-12-01 00:00:00,DEFINITIVO,MENSUAL,2020,11,459262,,2020-09-30,01-nov-20,30-nov-20,141,JURIDICO,RNC869031578,"ADMINISTRADORA DE FONDOS DE INVERSION POPULAR, S.A.",XXX. XXXX X. XXXXXXX XXXXXXX XXXXXX XXXXX XX. 30 XXXXX XXXXXXX,MIRA FLORES,DISTRITO NACIONAL,REPUBLICA DOMINICANA,DOP,8000,0,8000,1,PARTICIPANTES,,,141,,0,0,0,615300,2,CUOTA MENSUAL ACCESO AL SISTEMA,CUOTA MENSUAL ACCESO AL SISTEMA DEL 01/11/2020 AL 30/11/2020,100,1,100,0,0,100
1117,2020-12-01 00:00:00,DEFINITIVO,MENSUAL,2020,11,459263,,2020-09-30,01-nov-20,30-nov-20,142,JURIDICO,RNC868910775,ATLANTICO BBA VALORES S A,XXXXXXXX XX. 39 XXXXXXXX XXXXXX XXXXXXX 311 X 313,BELLA VISTA,DISTRITO NACIONAL,REPUBLICA DOMINICANA,DOP,8000,0,8000,1,PARTICIPANTES,,,142,,0,0,0,615301,2,CUOTA MENSUAL ACCESO AL SISTEMA,CUOTA MENSUAL ACCESO AL SISTEMA DEL 01/11/2020 AL 30/11/2020,100,1,100,0,0,100
1117,2020-12-01 00:00:00,DEFINITIVO,MENSUAL,2020,11,459264,,2020-09-30,01-nov-20,30-nov-20,143,JURIDICO,RNC131049486,"VERTEX VALORES PUESTO DE BOLSA, S.A",XX. XXXXXXX XXXXXXXXX XXXXXXX XXX XXXXXXXX XXXÑX XX. 459 XXXXXXXX XX XXXXX,DISTRITO NACIONAL,DISTRITO NACIONAL,REPUBLICA DOMINICANA,DOP,20572.5,0,20572.5,1,PARTICIPANTES,,,143,,0,0,0,615302,18,USUARIOS ADICIONALES ACCESO AL SISTEMA,USUARIOS ADICIONALES ACCESO AL SISTEMA DEL 01/11/2020 AL 30/11/2020,100,1,100,0,0,100
1117,2020-12-01 00:00:00,DEFINITIVO,MENSUAL,2020,11,459264,,2020-09-30,01-nov-20,30-nov-20,143,JURIDICO,RNC131049486,"VERTEX VALORES PUESTO DE BOLSA, S.A",XX. XXXXXXX XXXXXXXXX XXXXXXX XXX XXXXXXXX XXXÑX XX. 459 XXXXXXXX XX XXXXX,DISTRITO NACIONAL,DISTRITO NACIONAL,REPUBLICA DOMINICANA,DOP,20572.5,0,20572.5,1,PARTICIPANTES,,,143,,0,0,0,615303,2,CUOTA MENSUAL ACCESO AL SISTEMA,CUOTA MENSUAL ACCESO AL SISTEMA DEL 01/11/2020 AL 30/11/2020,100,1,100,0,0,100
1117,2020-12-01 00:00:00,DEFINITIVO,MENSUAL,2020,11,459264,,2020-09-30,01-nov-20,30-nov-20,143,JURIDICO,RNC131049486,"VERTEX VALORES PUESTO DE BOLSA, S.A",XX. XXXXXXX XXXXXXXXX XXXXXXX XXX XXXXXXXX XXXÑX XX. 459 XXXXXXXX XX XXXXX,DISTRITO NACIONAL,DISTRITO NACIONAL,REPUBLICA DOMINICANA,DOP,20572.5,0,20572.5,1,PARTICIPANTES,,,143,,0,0,0,615304,38,COMISION X CUSTODIA DE VALORES DE RENTA VARIABLE,COMISION X CUSTODIA DE VALORES DE RENTA VARIABLE DEL 01/11/2020 AL 30/11/2020,100,1,100,0,0,100
1117,2020-12-01 00:00:00,DEFINITIVO,MENSUAL,2020,11,459266,,2020-09-30,01-nov-20,30-nov-20,146,JURIDICO,RNC131091008,PLUS CAPITAL MARKET DOMINICANA PCM DOMINICANA S A,XXXXXXX XXXX XX XXXX XX. 11 XXXXX XXXXXXXXXXX 3XX XXXX,ENSANCHE NACO,DISTRITO NACIONAL,REPUBLICA DOMINICANA,DOP,26285.92,0,26285.92,1,PARTICIPANTES,,,146,,0,0,0,615308,18,USUARIOS ADICIONALES ACCESO AL SISTEMA,USUARIOS ADICIONALES ACCESO AL SISTEMA DEL 01/11/2020 AL 30/11/2020,100,1,100,0,0,100
1117,2020-12-01 00:00:00,DEFINITIVO,MENSUAL,2020,11,459264,,2020-09-30,01-nov-20,30-nov-20,143,JURIDICO,RNC131049486,"VERTEX VALORES PUESTO DE BOLSA, S.A",XX. XXXXXXX XXXXXXXXX XXXXXXX XXX XXXXXXXX XXXÑX XX. 459 XXXXXXXX XX XXXXX,DISTRITO NACIONAL,DISTRITO NACIONAL,REPUBLICA DOMINICANA,DOP,20572.5,0,20572.5,1,PARTICIPANTES,,,143,,0,0,0,615305,7,COMISION X CUSTODIA DE VALORES INTERNACIONALES,COMISION X CUSTODIA DE VALORES INTERNACIONALES DEL 01/11/2020 AL 30/11/2020,100,1,100,0,0,100
1117,2020-12-01 00:00:00,DEFINITIVO,MENSUAL,2020,11,459265,,2020-09-30,01-nov-20,30-nov-20,144,JURIDICO,RNC898111177,"GAM CAPITAL, S. A.",XXXXXXXXXXXX XXX. 2 XX XXXXXXX XX. 1762,ALAMEDA,SANTO DOMINGO,REPUBLICA DOMINICANA,DOP,8000,0,8000,1,PARTICIPANTES,,,144,,0,0,0,615306,2,CUOTA MENSUAL ACCESO AL SISTEMA,CUOTA MENSUAL ACCESO AL SISTEMA DEL 01/11/2020 AL 30/11/2020,100,1,100,0,0,100
1117,2020-12-01 00:00:00,DEFINITIVO,MENSUAL,2020,11,459266,,2020-09-30,01-nov-20,30-nov-20,146,JURIDICO,RNC131091008,PLUS CAPITAL MARKET DOMINICANA PCM DOMINICANA S A,XXXXXXX XXXX XX XXXX XX. 11 XXXXX XXXXXXXXXXX 3XX XXXX,ENSANCHE NACO,DISTRITO NACIONAL,REPUBLICA DOMINICANA,DOP,26285.92,0,26285.92,1,PARTICIPANTES,,,146,,0,0,0,615307,2,CUOTA MENSUAL ACCESO AL SISTEMA,CUOTA MENSUAL ACCESO AL SISTEMA DEL 01/11/2020 AL 30/11/2020,100,1,100,0,0,100
1117,2020-12-01 00:00:00,DEFINITIVO,MENSUAL,2020,11,459266,,2020-09-30,01-nov-20,30-nov-20,146,JURIDICO,RNC131091008,PLUS CAPITAL MARKET DOMINICANA PCM DOMINICANA S A,XXXXXXX XXXX XX XXXX XX. 11 XXXXX XXXXXXXXXXX 3XX XXXX,ENSANCHE NACO,DISTRITO NACIONAL,REPUBLICA DOMINICANA,DOP,26285.92,0,26285.92,1,PARTICIPANTES,,,146,,0,0,0,615309,38,COMISION X CUSTODIA DE VALORES DE RENTA VARIABLE,COMISION X CUSTODIA DE VALORES DE RENTA VARIABLE DEL 01/11/2020 AL 30/11/2020,100,1,100,0,0,100
1117,2020-12-01 00:00:00,DEFINITIVO,MENSUAL,2020,11,459266,,2020-09-30,01-nov-20,30-nov-20,146,JURIDICO,RNC131091008,PLUS CAPITAL MARKET DOMINICANA PCM DOMINICANA S A,XXXXXXX XXXX XX XXXX XX. 11 XXXXX XXXXXXXXXXX 3XX XXXX,ENSANCHE NACO,DISTRITO NACIONAL,REPUBLICA DOMINICANA,DOP,26285.92,0,26285.92,1,PARTICIPANTES,,,146,,0,0,0,615310,7,COMISION X CUSTODIA DE VALORES INTERNACIONALES,COMISION X CUSTODIA DE VALORES INTERNACIONALES DEL 01/11/2020 AL 30/11/2020,100,1,100,0,0,100
1117,2020-12-01 00:00:00,DEFINITIVO,MENSUAL,2020,11,459266,,2020-09-30,01-nov-20,30-nov-20,146,JURIDICO,RNC131091008,PLUS CAPITAL MARKET DOMINICANA PCM DOMINICANA S A,XXXXXXX XXXX XX XXXX XX. 11 XXXXX XXXXXXXXXXX 3XX XXXX,ENSANCHE NACO,DISTRITO NACIONAL,REPUBLICA DOMINICANA,DOP,26285.92,0,26285.92,1,PARTICIPANTES,,,146,,0,0,0,615311,13,PRESTAMOS DE VALORES,PRESTAMOS DE VALORES DEL 01/11/2020 AL 30/11/2020,100,1,100,0,0,100
1117,2020-12-01 00:00:00,DEFINITIVO,MENSUAL,2020,11,459266,,2020-09-30,01-nov-20,30-nov-20,146,JURIDICO,RNC131091008,PLUS CAPITAL MARKET DOMINICANA PCM DOMINICANA S A,XXXXXXX XXXX XX XXXX XX. 11 XXXXX XXXXXXXXXXX 3XX XXXX,ENSANCHE NACO,DISTRITO NACIONAL,REPUBLICA DOMINICANA,DOP,26285.92,0,26285.92,1,PARTICIPANTES,,,146,,0,0,0,615312,17,LIQUIDACION DE OPERACIONES FOP,LIQUIDACION DE OPERACIONES FOP DEL 01/11/2020 AL 30/11/2020,100,1,100,0,0,100
1117,2020-12-01 00:00:00,DEFINITIVO,MENSUAL,2020,11,459267,,2020-09-30,01-nov-20,30-nov-20,147,JURIDICO,RNC869911995,EXCEL ADMINISTRADORA DE FONDOS DE INVERSION S A,XXX XXXXXXXXX XXXXX XX. 78 XXXXXXXX XXXXXXXX,PIANTINI,DISTRITO NACIONAL,REPUBLICA DOMINICANA,DOP,8000,0,8000,1,PARTICIPANTES,,,147,,0,0,0,615313,2,CUOTA MENSUAL ACCESO AL SISTEMA,CUOTA MENSUAL ACCESO AL SISTEMA DEL 01/11/2020 AL 30/11/2020,100,1,100,0,0,100
1117,2020-12-01 00:00:00,DEFINITIVO,MENSUAL,2020,11,459268,,2020-09-30,01-nov-20,30-nov-20,149,JURIDICO,RNC869036318,ADMINISTRADORA DE FONDOS DE INVERSION UNIVERSAL S A,"XX. XXXXXXX XXXXXXXXX, XXXXXXXXX XXXXXX XXXX 9",PIANTINI,DISTRITO NACIONAL,REPUBLICA DOMINICANA,DOP,11000,0,11000,1,PARTICIPANTES,,,149,,0,0,0,615314,18,USUARIOS ADICIONALES ACCESO AL SISTEMA,USUARIOS ADICIONALES ACCESO AL SISTEMA DEL 01/11/2020 AL 30/11/2020,100,1,100,0,0,100
1117,2020-12-01 00:00:00,DEFINITIVO,MENSUAL,2020,11,459268,,2020-09-30,01-nov-20,30-nov-20,149,JURIDICO,RNC869036318,ADMINISTRADORA DE FONDOS DE INVERSION UNIVERSAL S A,"XX. XXXXXXX XXXXXXXXX, XXXXXXXXX XXXXXX XXXX 9",PIANTINI,DISTRITO NACIONAL,REPUBLICA DOMINICANA,DOP,11000,0,11000,1,PARTICIPANTES,,,149,,0,0,0,615315,2,CUOTA MENSUAL ACCESO AL SISTEMA,CUOTA MENSUAL ACCESO AL SISTEMA DEL 01/11/2020 AL 30/11/2020,100,1,100,0,0,100
1117,2020-12-01 00:00:00,DEFINITIVO,MENSUAL,2020,11,459269,,2020-09-30,01-nov-20,30-nov-20,151,JURIDICO,RNC131180132,"MPB MULTIVALORES, S.A.",XXXXXXX XXXXXXXX XX. 20 XXXXX XXXXXXXXXXX XXXX XXXXX 202,JULIETA MORALES,DISTRITO NACIONAL,REPUBLICA DOMINICANA,DOP,8000,0,8000,1,PARTICIPANTES,,,151,,0,0,0,615316,2,CUOTA MENSUAL ACCESO AL SISTEMA,CUOTA MENSUAL ACCESO AL SISTEMA DEL 01/11/2020 AL 30/11/2020,100,1,100,0,0,100
1117,2020-12-01 00:00:00,DEFINITIVO,MENSUAL,2020,11,459270,,2020-09-30,01-nov-20,30-nov-20,153,JURIDICO,RNC868597244,BANCO MULTIPLE ACTIVO DOMINICANA S.A.,"XXXXXXX XXXXXXX XXXXXXXXX XX.820, XXXXXXXXXX XXXXX XXX XXXXXXXX, XXXXX 101",EVARISTO MORALES,DISTRITO NACIONAL,REPUBLICA DOMINICANA,DOP,8000,0,8000,1,PARTICIPANTES,,,153,,0,0,0,615317,2,CUOTA MENSUAL ACCESO AL SISTEMA,CUOTA MENSUAL ACCESO AL SISTEMA DEL 01/11/2020 AL 30/11/2020,100,1,100,0,0,100
1117,2020-12-01 00:00:00,DEFINITIVO,MENSUAL,2020,11,459271,,2020-09-30,01-nov-20,30-nov-20,154,JURIDICO,RNC868702501,AFP ATLANTICO,"XXXXX XXXXXXXXX XX.65 XXXXX XXXXXXXXX XXXXXXXXX XX, XXXXX 201",BELLA VISTA,DISTRITO NACIONAL,REPUBLICA DOMINICANA,DOP,181885.77,0,181885.77,1,PARTICIPANTES,,,154,,0,0,0,615318,14,COMISION X CUSTODIA DE VALORES AFP,COMISION X CUSTODIA DE VALORES AFP DEL 01/11/2020 AL 30/11/2020,100,1,100,0,0,100
1117,2020-12-01 00:00:00,DEFINITIVO,MENSUAL,2020,11,459272,,2020-09-30,01-nov-20,30-nov-20,155,JURIDICO,RNC131338054,"INVERSIONES SANTA CRUZ, S. A.",XXXX XX XXXX XX.21 3XX XXXX,ENSANCHE NACO,DISTRITO NACIONAL,REPUBLICA DOMINICANA,DOP,85152.78,0,85152.78,1,PARTICIPANTES,,,155,,0,0,0,615319,18,USUARIOS ADICIONALES ACCESO AL SISTEMA,USUARIOS ADICIONALES ACCESO AL SISTEMA DEL 01/11/2020 AL 30/11/2020,100,1,100,0,0,100
1117,2020-12-01 00:00:00,DEFINITIVO,MENSUAL,2020,11,459272,,2020-09-30,01-nov-20,30-nov-20,155,JURIDICO,RNC131338054,"INVERSIONES SANTA CRUZ, S. A.",XXXX XX XXXX XX.21 3XX XXXX,ENSANCHE NACO,DISTRITO NACIONAL,REPUBLICA DOMINICANA,DOP,85152.78,0,85152.78,1,PARTICIPANTES,,,155,,0,0,0,615320,2,CUOTA MENSUAL ACCESO AL SISTEMA,CUOTA MENSUAL ACCESO AL SISTEMA DEL 01/11/2020 AL 30/11/2020,100,1,100,0,0,100
1117,2020-12-01 00:00:00,DEFINITIVO,MENSUAL,2020,11,459272,,2020-09-30,01-nov-20,30-nov-20,155,JURIDICO,RNC131338054,"INVERSIONES SANTA CRUZ, S. A.",XXXX XX XXXX XX.21 3XX XXXX,ENSANCHE NACO,DISTRITO NACIONAL,REPUBLICA DOMINICANA,DOP,85152.78,0,85152.78,1,PARTICIPANTES,,,155,,0,0,0,615321,7,COMISION X CUSTODIA DE VALORES INTERNACIONALES,COMISION X CUSTODIA DE VALORES INTERNACIONALES DEL 01/11/2020 AL 30/11/2020,100,1,100,0,0,100
1117,2020-12-01 00:00:00,DEFINITIVO,MENSUAL,2020,11,459272,,2020-09-30,01-nov-20,30-nov-20,155,JURIDICO,RNC131338054,"INVERSIONES SANTA CRUZ, S. A.",XXXX XX XXXX XX.21 3XX XXXX,ENSANCHE NACO,DISTRITO NACIONAL,REPUBLICA DOMINICANA,DOP,85152.78,0,85152.78,1,PARTICIPANTES,,,155,,0,0,0,615322,38,COMISION X CUSTODIA DE VALORES DE RENTA VARIABLE,COMISION X CUSTODIA DE VALORES DE RENTA VARIABLE DEL 01/11/2020 AL 30/11/2020,100,1,100,0,0,100
1117,2020-12-01 00:00:00,DEFINITIVO,MENSUAL,2020,11,459273,,2020-09-30,01-nov-20,30-nov-20,156,JURIDICO,RNC868728438,AFP JMMB BDI S.A.,"XX. XXXXXXX XXXXX XXXXXX XX,102 XXX XXXXXXX XXXXXXX XXXXX XXXXXXXXXXX 2010 XXXX 15",PIANTINI,DISTRITO NACIONAL,REPUBLICA DOMINICANA,DOP,75742.68,0,75742.68,1,PARTICIPANTES,,,156,,0,0,0,615323,14,COMISION X CUSTODIA DE VALORES AFP,COMISION X CUSTODIA DE VALORES AFP DEL 01/11/2020 AL 30/11/2020,100,1,100,0,0,100
1117,2020-12-01 00:00:00,DEFINITIVO,MENSUAL,2020,11,459274,,2020-09-30,01-nov-20,30-nov-20,157,JURIDICO,RNC898977166,"BANCO NACIONAL DE LAS EXPORTACIONES (BANDEX) , S.A.",XXXXXXX XXXXXXXXXX XX. 53,ENSANCHE NACO,DISTRITO NACIONAL,REPUBLICA DOMINICANA,DOP,71000,0,71000,1,PARTICIPANTES,,,157,,0,0,0,615324,1,CUOTA ANUAL MEMBRESIA,CUOTA ANUAL MEMBRESIA DEL 01/12/2020 AL 30/11/2021,100,1,100,0,0,100
1117,2020-12-01 00:00:00,DEFINITIVO,MENSUAL,2020,11,459274,,2020-09-30,01-nov-20,30-nov-20,157,JURIDICO,RNC898977166,"BANCO NACIONAL DE LAS EXPORTACIONES (BANDEX) , S.A.",XXXXXXX XXXXXXXXXX XX. 53,ENSANCHE NACO,DISTRITO NACIONAL,REPUBLICA DOMINICANA,DOP,71000,0,71000,1,PARTICIPANTES,,,157,,0,0,0,615325,18,USUARIOS ADICIONALES ACCESO AL SISTEMA,USUARIOS ADICIONALES ACCESO AL SISTEMA DEL 01/11/2020 AL 30/11/2020,100,1,100,0,0,100
1117,2020-12-01 00:00:00,DEFINITIVO,MENSUAL,2020,11,459274,,2020-09-30,01-nov-20,30-nov-20,157,JURIDICO,RNC898977166,"BANCO NACIONAL DE LAS EXPORTACIONES (BANDEX) , S.A.",XXXXXXX XXXXXXXXXX XX. 53,ENSANCHE NACO,DISTRITO NACIONAL,REPUBLICA DOMINICANA,DOP,71000,0,71000,1,PARTICIPANTES,,,157,,0,0,0,615326,2,CUOTA MENSUAL ACCESO AL SISTEMA,CUOTA MENSUAL ACCESO AL SISTEMA DEL 01/11/2020 AL 30/11/2020,100,1,100,0,0,100
1117,2020-12-01 00:00:00,DEFINITIVO,MENSUAL,2020,11,459275,,2020-09-30,01-nov-20,30-nov-20,158,JURIDICO,RNC868865125,BANCO DE AHORRO Y CREDITO FONDESA S.A.,XXXXX XXXXXXXXXXXX XXXXXX 127,SANTIAGO,SANTIAGO,REPUBLICA DOMINICANA,DOP,8000,0,8000,1,PARTICIPANTES,,,158,,0,0,0,615327,2,CUOTA MENSUAL ACCESO AL SISTEMA,CUOTA MENSUAL ACCESO AL SISTEMA DEL 01/11/2020 AL 30/11/2020,100,1,100,0,0,100
1117,2020-12-01 00:00:00,DEFINITIVO,MENSUAL,2020,11,459276,,2020-09-30,01-nov-20,30-nov-20,DO025,JURIDICO,RNC598989937,BANCO DE RESERVAS DE LA REPUBLICA DOMINICANA,"XX. XXXXXXX XXXXXXXXX XXX. XXXXXXXX XXXXXXX, XXXXX XXXXXXXXXXX, XXXXX XXXXXXX",DISTRITO NACIONAL,DISTRITO NACIONAL,REPUBLICA DOMINICANA,DOP,630,0,630,2,EMISORES,,DO025,,,0,0,0,615328,39,COMISION X CUSTODIA DE VALORES EN SOLO CUSTODIA,COMISION X CUSTODIA DE VALORES EN SOLO CUSTODIA DEL 01/11/2020 AL 30/11/2020,100,1,100,0,0,100
1117,2020-12-01 00:00:00,DEFINITIVO,MENSUAL,2020,11,459277,,2020-09-30,01-nov-20,30-nov-20,DO093,JURIDICO,RNC898170645,"EMPRESA GENERADORA DE ELECTRICIDAD HAINA, S.A.","XXX. XXXX XX XXXX XX. 29 XXXXX XXXX-XXXXXX XXXX 17, XXXXXXXX XXXX",DISTRITO NACIONAL,DISTRITO NACIONAL,REPUBLICA DOMINICANA,DOP,4620,0,4620,2,EMISORES,,DO093,,,0,0,0,615329,39,COMISION X CUSTODIA DE VALORES EN SOLO CUSTODIA,COMISION X CUSTODIA DE VALORES EN SOLO CUSTODIA DEL 01/11/2020 AL 30/11/2020,100,1,100,0,0,100
1117,2020-12-01 00:00:00,DEFINITIVO,MENSUAL,2020,11,459278,,2020-09-30,01-nov-20,30-nov-20,DO126,JURIDICO,RNC869461637,"ALPHA SOCIEDAD DE VALORES, S. A. PUESTO DE BOLSA",XXXXX XXXXXX XXXXXX XX. 7 XXXXXXXX XXXXXXX,JULIETA MORALES,DISTRITO NACIONAL,REPUBLICA DOMINICANA,DOP,0.01,0,0.01,2,EMISORES,,DO126,,,0,0,0,615330,39,COMISION X CUSTODIA DE VALORES EN SOLO CUSTODIA,COMISION X CUSTODIA DE VALORES EN SOLO CUSTODIA DEL 01/11/2020 AL 30/11/2020,100,1,100,0,0,100
1117,2020-12-01 00:00:00,DEFINITIVO,MENSUAL,2020,11,459279,,2020-09-30,01-nov-20,30-nov-20,DO166,JURIDICO,RNC897674470,ACERO ESTRELLA S A,XXXXXXXXX 13 XXXXXXXXX XXXXXX,SANTIAGO,SANTIAGO,REPUBLICA DOMINICANA,DOP,2.52,0,2.52,2,EMISORES,,DO166,,,0,0,0,615331,39,COMISION X CUSTODIA DE VALORES EN SOLO CUSTODIA,COMISION X CUSTODIA DE VALORES EN SOLO CUSTODIA DEL 01/11/2020 AL 30/11/2020,100,1,100,0,0,100